date,open_price,high_price,low_price,close_price,volume,adjclose_price
2005-11-28,18.399999618530273,18.690000534057617,17.59000015258789,17.59000015258789,5235400.0,11.84334945678711
2005-11-25,17.920000076293945,18.674999237060547,17.885000228881836,18.270000457763672,2759000.0,12.301193237304688
2005-11-23,18.299999237060547,18.399999618530273,17.700000762939453,17.729999542236328,6545000.0,11.937613487243652
2005-11-22,18.899999618530273,19.094999313354492,18.0049991607666,18.290000915527344,6974400.0,12.314657211303711
2005-11-21,18.405000686645508,18.90999984741211,18.03499984741211,18.899999618530273,4872000.0,12.725373268127441
2005-11-18,18.375,18.5,17.604999542236328,18.135000228881836,5362000.0,12.210295677185059
2005-11-17,17.899999618530273,18.145000457763672,17.80500030517578,17.860000610351562,1834800.0,12.025142669677734
2005-11-16,17.799999237060547,17.850000381469727,17.450000762939453,17.725000381469727,1885400.0,11.934245109558105
2005-11-15,18.100000381469727,18.139999389648438,17.625,17.770000457763672,1980800.0,11.964540481567383
2005-11-14,17.940000534057617,18.229999542236328,17.405000686645508,18.05500030517578,3450400.0,12.156435012817383
2005-11-11,18.325000762939453,18.34000015258789,17.950000762939453,17.954999923706055,1298200.0,12.089103698730469
2005-11-10,18.280000686645508,18.46500015258789,17.81999969482422,18.389999389648438,2623800.0,12.381988525390625
2005-11-09,18.225000381469727,18.71500015258789,18.19499969482422,18.479999542236328,1346600.0,12.442586898803711
2005-11-08,18.485000610351562,18.514999389648438,18.100000381469727,18.19499969482422,1545000.0,12.25069522857666
2005-11-07,18.40999984741211,18.704999923706055,18.049999237060547,18.600000381469727,1347400.0,12.523382186889648
2005-11-04,18.575000762939453,18.604999542236328,18.125,18.190000534057617,1704600.0,12.247329711914062
2005-11-03,18.375,18.6299991607666,18.295000076293945,18.4950008392334,2194800.0,12.45268726348877
2005-11-02,17.825000762939453,18.1299991607666,17.649999618530273,18.125,2291400.0,12.203564643859863
2005-11-01,17.735000610351562,18.075000762939453,17.565000534057617,17.799999237060547,2044200.0,11.984742164611816
2005-10-31,17.325000762939453,17.899999618530273,17.325000762939453,17.739999771118164,2497400.0,11.944342613220215
2005-10-28,16.75,17.2549991607666,16.450000762939453,17.239999771118164,2146000.0,11.60769271850586
2005-10-27,16.96500015258789,17.125,16.344999313354492,16.520000457763672,2292200.0,11.122918128967285
2005-10-26,17.8799991607666,17.924999237060547,16.899999618530273,16.940000534057617,3400800.0,11.405708312988281
2005-10-25,18.375,18.700000762939453,17.75,17.834999084472656,6175600.0,12.008308410644531
2005-10-24,17.25,17.354999542236328,16.954999923706055,17.354999542236328,1447800.0,11.685123443603516
2005-10-21,17.075000762939453,17.40999984741211,16.924999237060547,17.045000076293945,1716200.0,11.476400375366211
2005-10-20,16.979999542236328,17.325000762939453,16.950000762939453,17.020000457763672,2812400.0,11.45957088470459
2005-10-19,16.420000076293945,17.25,16.364999771118164,16.979999542236328,3313200.0,11.432636260986328
2005-10-18,16.010000228881836,16.5,16.0,16.420000076293945,3481200.0,11.055588722229004
2005-10-17,15.475000381469727,15.795000076293945,15.475000381469727,15.774999618530273,2213800.0,10.62131118774414
2005-10-14,15.375,15.545000076293945,15.225000381469727,15.475000381469727,2386400.0,10.419320106506348
2005-10-13,15.0,15.359999656677246,14.975000381469727,15.329999923706055,2449600.0,10.321690559387207
2005-10-12,15.425000190734863,15.539999961853027,15.225000381469727,15.375,3460600.0,10.351988792419434
2005-10-11,15.75,15.800000190734863,15.319999694824219,15.449999809265137,3878200.0,10.402486801147461
2005-10-10,15.524999618530273,15.795000076293945,15.395000457763672,15.619999885559082,3726800.0,10.516949653625488
2005-10-07,15.625,15.819999694824219,15.239999771118164,15.350000381469727,13208200.0,10.33515739440918
2005-10-06,15.954999923706055,15.960000038146973,15.449999809265137,15.5,2640800.0,10.436153411865234
2005-10-05,16.25,16.475000381469727,15.9399995803833,16.0049991607666,4344400.0,10.776166915893555
2005-10-04,15.555000305175781,16.204999923706055,15.524999618530273,15.739999771118164,2162400.0,10.597742080688477
2005-10-03,15.880000114440918,15.989999771118164,15.4350004196167,15.484999656677246,2176400.0,10.426053047180176
2005-09-30,16.049999237060547,16.049999237060547,15.324999809265137,15.734999656677246,3993400.0,10.594376564025879
2005-09-29,16.475000381469727,16.485000610351562,15.920000076293945,16.049999237060547,2668800.0,10.806467056274414
2005-09-28,16.334999084472656,16.704999923706055,16.0,16.424999237060547,2396800.0,11.058955192565918
2005-09-27,16.65999984741211,16.674999237060547,16.149999618530273,16.360000610351562,2635200.0,11.015190124511719
2005-09-26,17.0,17.170000076293945,16.59000015258789,16.645000457763672,1482200.0,11.207080841064453
2005-09-23,16.700000762939453,17.114999771118164,16.700000762939453,16.899999618530273,1088200.0,11.378769874572754
2005-09-22,16.674999237060547,16.770000457763672,16.075000762939453,16.700000762939453,2666600.0,11.24411392211914
2005-09-21,17.524999618530273,17.524999618530273,16.5049991607666,16.559999465942383,2514600.0,11.149849891662598
2005-09-20,18.014999389648438,18.065000534057617,17.600000381469727,17.655000686645508,1344200.0,11.887115478515625
2005-09-19,18.110000610351562,18.290000915527344,17.760000228881836,17.989999771118164,1285200.0,12.112669944763184
2005-09-16,17.924999237060547,18.200000762939453,17.924999237060547,18.010000228881836,723200.0,12.126134872436523
2005-09-15,18.350000381469727,18.424999237060547,17.625,17.920000076293945,1352600.0,12.065537452697754
2005-09-14,18.104999542236328,19.204999923706055,18.100000381469727,18.350000381469727,2724000.0,12.355058670043945
2005-09-13,18.18000030517578,18.295000076293945,18.05500030517578,18.1200008392334,885600.0,12.200200080871582
2005-09-12,18.100000381469727,18.209999084472656,17.885000228881836,18.18000030517578,670400.0,12.240596771240234
2005-09-09,18.0,18.375,17.924999237060547,18.06999969482422,952200.0,12.166533470153809
2005-09-08,18.06999969482422,18.174999237060547,17.8799991607666,18.0049991607666,1205200.0,12.122766494750977
2005-09-07,17.8799991607666,18.204999923706055,17.674999237060547,18.114999771118164,1219000.0,12.196831703186035
2005-09-06,17.125,17.8700008392334,17.065000534057617,17.860000610351562,2606600.0,12.025142669677734
2005-09-02,16.725000381469727,16.924999237060547,16.704999923706055,16.915000915527344,647800.0,11.388870239257812
2005-09-01,16.850000381469727,17.05500030517578,16.68000030517578,16.75,1105600.0,11.277775764465332
2005-08-31,16.75,16.954999923706055,16.55500030517578,16.875,903800.0,11.361940383911133
2005-08-30,16.875,17.114999771118164,16.350000381469727,16.65999984741211,1404000.0,11.217178344726562
2005-08-29,16.799999237060547,16.940000534057617,16.559999465942383,16.875,1411200.0,11.361940383911133
2005-08-26,17.229999542236328,17.260000228881836,16.825000762939453,17.0049991607666,1029800.0,11.449467658996582
2005-08-25,17.25,17.420000076293945,17.18000030517578,17.225000381469727,1072400.0,11.597596168518066
2005-08-24,17.399999618530273,17.440000534057617,17.125,17.25,1663800.0,11.614428520202637
2005-08-23,17.325000762939453,17.56999969482422,17.200000762939453,17.440000534057617,2865400.0,11.742353439331055
2005-08-22,16.989999771118164,17.1299991607666,16.764999389648438,17.125,2403600.0,11.530264854431152
2005-08-19,16.200000762939453,16.7450008392334,15.829999923706055,16.489999771118164,2383400.0,11.102716445922852
2005-08-18,14.574999809265137,16.28499984741211,14.300000190734863,16.170000076293945,7538000.0,10.887262344360352
2005-08-17,14.649999618530273,14.875,14.3149995803833,14.725000381469727,3132200.0,9.914346694946289
2005-08-16,15.75,15.75,14.895000457763672,15.03499984741211,2232400.0,10.123067855834961
2005-08-15,15.899999618530273,15.970000267028809,15.65999984741211,15.774999618530273,1690000.0,10.62131118774414
2005-08-12,16.239999771118164,16.239999771118164,15.375,15.699999809265137,2467600.0,10.570812225341797
2005-08-11,16.469999313354492,16.475000381469727,16.219999313354492,16.25,972800.0,10.941128730773926
2005-08-10,16.5,16.7450008392334,16.375,16.469999313354492,1336200.0,11.089252471923828
2005-08-09,16.139999389648438,16.575000762939453,16.139999389648438,16.450000762939453,1851400.0,11.075786590576172
2005-08-08,16.125,16.325000762939453,16.049999237060547,16.104999542236328,650600.0,10.84349536895752
2005-08-05,16.674999237060547,16.7450008392334,15.850000381469727,16.100000381469727,2195600.0,10.840131759643555
2005-08-04,17.15999984741211,17.15999984741211,16.719999313354492,16.735000610351562,682800.0,11.267674446105957
2005-08-03,17.350000381469727,17.350000381469727,17.104999542236328,17.155000686645508,630000.0,11.55046272277832
2005-08-02,17.100000381469727,17.399999618530273,17.065000534057617,17.350000381469727,809200.0,11.681756973266602
2005-08-01,17.274999618530273,17.295000076293945,17.020000457763672,17.05500030517578,1005600.0,11.483136177062988
2005-07-29,17.71500015258789,17.764999389648438,17.125,17.174999237060547,1011600.0,11.563929557800293
2005-07-28,17.479999542236328,17.75,17.479999542236328,17.674999237060547,1003400.0,11.900579452514648
2005-07-27,17.25,17.489999771118164,17.200000762939453,17.479999542236328,1323400.0,11.769286155700684
2005-07-26,16.825000762939453,17.139999389648438,16.40999984741211,17.024999618530273,2500800.0,11.462935447692871
2005-07-25,17.200000762939453,17.329999923706055,17.065000534057617,17.09000015258789,520600.0,11.506699562072754
2005-07-22,17.485000610351562,17.5,17.1200008392334,17.219999313354492,815000.0,11.59422779083252
2005-07-21,17.635000228881836,17.739999771118164,17.399999618530273,17.510000228881836,500600.0,11.789484024047852
2005-07-20,17.4950008392334,17.690000534057617,17.4950008392334,17.639999389648438,531600.0,11.877013206481934
2005-07-19,17.549999237060547,17.610000610351562,17.459999084472656,17.489999771118164,1320800.0,11.776019096374512
2005-07-18,17.59000015258789,17.610000610351562,17.280000686645508,17.489999771118164,1187800.0,11.776019096374512
2005-07-15,17.700000762939453,17.774999618530273,17.44499969482422,17.594999313354492,808400.0,11.84671401977539
2005-07-14,17.75,17.96500015258789,17.655000686645508,17.684999465942383,1014600.0,11.90731143951416
2005-07-13,17.940000534057617,17.989999771118164,17.5049991607666,17.739999771118164,1536800.0,11.944342613220215
2005-07-12,17.899999618530273,18.084999084472656,17.770000457763672,17.850000381469727,1206400.0,12.01840877532959
2005-07-11,17.825000762939453,17.829999923706055,17.614999771118164,17.735000610351562,1209400.0,11.94097900390625
2005-07-08,17.225000381469727,17.604999542236328,17.219999313354492,17.579999923706055,1195600.0,11.836615562438965
2005-07-07,16.80500030517578,17.125,16.514999389648438,17.110000610351562,904000.0,11.520166397094727
2005-07-06,16.625,16.9950008392334,16.604999542236328,16.815000534057617,1136000.0,11.321541786193848
2005-07-05,16.125,16.545000076293945,15.984999656677246,16.545000076293945,1493600.0,11.139752388000488
2005-07-01,16.354999542236328,16.5,16.2549991607666,16.405000686645508,659000.0,11.045487403869629
2005-06-30,16.25,16.579999923706055,16.25,16.354999542236328,907600.0,11.011823654174805
2005-06-29,16.260000228881836,16.28499984741211,16.149999618530273,16.235000610351562,973600.0,10.93102741241455
2005-06-28,16.0,16.274999618530273,15.949999809265137,16.209999084472656,1237800.0,10.91419506072998
2005-06-27,16.100000381469727,16.100000381469727,15.774999618530273,15.789999961853027,609000.0,10.631406784057617
2005-06-24,16.295000076293945,16.299999237060547,16.049999237060547,16.049999237060547,1286200.0,10.806467056274414
2005-06-23,16.274999618530273,16.485000610351562,16.209999084472656,16.25,1196800.0,10.941128730773926
2005-06-22,16.024999618530273,16.274999618530273,15.899999618530273,16.25,1283600.0,10.941128730773926
2005-06-21,16.174999237060547,16.325000762939453,15.970000267028809,16.024999618530273,824000.0,10.78963565826416
2005-06-20,16.53499984741211,16.545000076293945,16.024999618530273,16.19499969482422,1107600.0,10.904094696044922
2005-06-17,16.53499984741211,16.75,16.475000381469727,16.53499984741211,1381600.0,11.13301944732666
2005-06-16,16.9950008392334,17.149999618530273,16.299999237060547,16.4950008392334,1344200.0,11.106088638305664
2005-06-15,16.190000534057617,16.780000686645508,16.125,16.760000228881836,1494800.0,11.284512519836426
2005-06-14,16.350000381469727,16.46500015258789,15.729999542236328,16.190000534057617,2040000.0,10.900731086730957
2005-06-13,16.415000915527344,16.415000915527344,16.2549991607666,16.299999237060547,1270400.0,10.974793434143066
2005-06-10,16.375,16.485000610351562,16.2549991607666,16.385000228881836,1323600.0,11.032023429870605
2005-06-09,16.024999618530273,16.190000534057617,15.649999618530273,16.145000457763672,3261400.0,10.87043285369873
2005-06-08,16.2450008392334,16.2450008392334,15.515000343322754,15.600000381469727,2520600.0,10.5034818649292
2005-06-07,16.524999618530273,16.549999237060547,15.864999771118164,16.014999389648438,2613400.0,10.7829008102417
2005-06-06,15.600000381469727,16.350000381469727,15.354999542236328,16.264999389648438,2989200.0,10.951225280761719
2005-06-03,15.125,15.795000076293945,15.119999885559082,15.539999961853027,2727600.0,10.46308422088623
2005-06-02,15.024999618530273,15.225000381469727,15.020000457763672,15.050000190734863,1264200.0,10.133167266845703
2005-06-01,14.600000381469727,15.149999618530273,14.4399995803833,15.020000457763672,2332200.0,10.112968444824219
2005-05-31,14.975000381469727,15.029999732971191,14.579999923706055,14.579999923706055,1156400.0,9.816715240478516
2005-05-27,15.0,15.020000457763672,14.75,14.9350004196167,1272800.0,10.055737495422363
2005-05-26,14.3149995803833,14.760000228881836,14.199999809265137,14.734999656677246,1457800.0,9.921077728271484
2005-05-25,14.899999618530273,14.904999732971191,14.149999618530273,14.295000076293945,1744400.0,9.62482738494873
2005-05-24,14.975000381469727,15.5649995803833,14.630000114440918,14.875,4952800.0,10.015339851379395
2005-05-23,14.100000381469727,14.529999732971191,14.095000267028809,14.270000457763672,2307000.0,9.607993125915527
2005-05-20,14.050000190734863,14.069999694824219,13.800000190734863,14.010000228881836,934200.0,9.43293571472168
2005-05-19,13.800000190734863,14.09000015258789,13.699999809265137,14.010000228881836,1295400.0,9.43293571472168
2005-05-18,13.149999618530273,13.614999771118164,13.104999542236328,13.585000038146973,1440000.0,9.146780967712402
2005-05-17,12.869999885559082,13.170000076293945,12.739999771118164,13.100000381469727,1112400.0,8.820229530334473
2005-05-16,12.824999809265137,12.914999961853027,12.694999694824219,12.835000038146973,547600.0,8.64180850982666
2005-05-13,12.869999885559082,12.899999618530273,12.600000381469727,12.744999885559082,1407400.0,8.58121109008789
2005-05-12,12.875,13.045000076293945,12.779999732971191,12.899999618530273,1405400.0,8.685572624206543
2005-05-11,12.850000381469727,12.899999618530273,12.675000190734863,12.864999771118164,723600.0,8.662006378173828
2005-05-10,12.890000343322754,12.920000076293945,12.75,12.829999923706055,1124800.0,8.638442039489746
2005-05-09,12.875,12.975000381469727,12.75,12.875,635200.0,8.66873836517334
2005-05-06,12.824999809265137,13.015000343322754,12.729999542236328,12.914999961853027,702800.0,8.695670127868652
2005-05-05,12.600000381469727,13.100000381469727,12.5600004196167,12.899999618530273,1136200.0,8.685572624206543
2005-05-04,12.6899995803833,12.954999923706055,12.494999885559082,12.574999809265137,1018600.0,8.466748237609863
2005-05-03,12.774999618530273,12.989999771118164,12.609999656677246,12.75,1767000.0,8.584578514099121
2005-05-02,12.350000381469727,12.920000076293945,12.3100004196167,12.819999694824219,1247400.0,8.631708145141602
2005-04-29,12.289999961853027,12.4399995803833,12.149999618530273,12.305000305175781,903000.0,8.284957885742188
2005-04-28,12.204999923706055,12.46500015258789,12.175000190734863,12.265000343322754,1834400.0,8.258027076721191
2005-04-27,12.1899995803833,12.270000457763672,12.005000114440918,12.234999656677246,1607400.0,8.237825393676758
2005-04-26,12.1850004196167,12.369999885559082,12.024999618530273,12.289999961853027,1605000.0,8.274860382080078
2005-04-25,11.829999923706055,12.194999694824219,11.824999809265137,12.180000305175781,2009800.0,8.20079517364502
2005-04-22,11.875,11.925000190734863,11.755000114440918,11.824999809265137,2611800.0,7.9617743492126465
2005-04-21,11.78499984741211,12.0,11.774999618530273,11.960000038146973,1736400.0,8.0526704788208
2005-04-20,12.0,12.125,11.59000015258789,11.710000038146973,1707400.0,7.884344577789307
2005-04-19,11.975000381469727,12.125,11.8100004196167,12.050000190734863,2269800.0,8.113268852233887
2005-04-18,10.699999809265137,12.850000381469727,10.399999618530273,11.854999542236328,15581200.0,7.981971740722656
2005-04-15,10.454999923706055,10.84000015258789,10.454999923706055,10.805000305175781,1230000.0,7.275008201599121
2005-04-14,10.765000343322754,10.854999542236328,10.369999885559082,10.454999923706055,375000.0,7.0393524169921875
2005-04-13,10.949999809265137,10.979999542236328,10.755000114440918,10.760000228881836,280200.0,7.244709014892578
2005-04-12,10.774999618530273,11.03499984741211,10.675000190734863,10.975000381469727,620400.0,7.389469623565674
2005-04-11,10.925000190734863,10.925000190734863,10.675000190734863,10.755000114440918,495200.0,7.241343021392822
2005-04-08,11.024999618530273,11.135000228881836,10.890000343322754,10.890000343322754,523000.0,7.332238674163818
2005-04-07,10.914999961853027,11.029999732971191,10.734999656677246,10.994999885559082,593800.0,7.402935028076172
2005-04-06,11.050000190734863,11.194999694824219,10.954999923706055,10.96500015258789,485600.0,7.382737159729004
2005-04-05,10.949999809265137,11.055000305175781,10.885000228881836,11.055000305175781,728200.0,7.443331241607666
2005-04-04,10.925000190734863,10.925000190734863,10.71500015258789,10.890000343322754,686200.0,7.332238674163818
2005-04-01,11.204999923706055,11.25,10.779999732971191,10.885000228881836,585000.0,7.328871250152588
2005-03-31,11.324999809265137,11.364999771118164,11.015000343322754,11.079999923706055,480000.0,7.4601664543151855
2005-03-30,11.25,11.395000457763672,11.135000228881836,11.359999656677246,549000.0,7.648687839508057
2005-03-29,11.515000343322754,11.720000267028809,11.279999732971191,11.28499984741211,965000.0,7.598190784454346
2005-03-28,11.529999732971191,11.8100004196167,11.510000228881836,11.710000038146973,2126000.0,7.884344577789307
2005-03-24,11.100000381469727,11.475000381469727,10.864999771118164,11.274999618530273,1691800.0,7.591457366943359
2005-03-23,10.5,11.1899995803833,10.420000076293945,10.975000381469727,4361200.0,7.389469623565674
2005-03-22,10.055000305175781,10.149999618530273,9.699999809265137,9.75,2227400.0,6.564677715301514
2005-03-21,10.510000228881836,10.510000228881836,10.21500015258789,10.305000305175781,543400.0,6.938357830047607
2005-03-18,10.625,10.675000190734863,10.454999923706055,10.510000228881836,448600.0,7.076383590698242
2005-03-17,10.350000381469727,10.569999694824219,10.345000267028809,10.515000343322754,732800.0,7.079751491546631
2005-03-16,10.595000267028809,10.600000381469727,10.350000381469727,10.399999618530273,379000.0,7.002321243286133
2005-03-15,9.824999809265137,10.640000343322754,9.800000190734863,10.595000267028809,1642800.0,7.133615970611572
2005-03-14,9.984999656677246,10.055000305175781,9.800000190734863,9.829999923706055,1416400.0,6.618541717529297
2005-03-11,10.175000190734863,10.21500015258789,10.104999542236328,10.145000457763672,757000.0,6.830629825592041
2005-03-10,10.154999732971191,10.170000076293945,10.079999923706055,10.149999618530273,376200.0,6.8339972496032715
2005-03-09,10.270000457763672,10.270000457763672,10.100000381469727,10.130000114440918,563200.0,6.820530414581299
2005-03-08,10.404999732971191,10.404999732971191,10.265000343322754,10.265000343322754,252400.0,6.9114274978637695
2005-03-07,10.375,10.524999618530273,10.270000457763672,10.404999732971191,337400.0,7.005688190460205
2005-03-04,10.1899995803833,10.345000267028809,10.154999732971191,10.345000267028809,452600.0,6.965290069580078
2005-03-03,10.239999771118164,10.25,10.024999618530273,10.175000190734863,609800.0,6.850827693939209
2005-03-02,10.135000228881836,10.180000305175781,10.03499984741211,10.140000343322754,660000.0,6.827264785766602
2005-03-01,9.800000190734863,10.25,9.699999809265137,10.135000228881836,795600.0,6.823897838592529
2005-02-28,9.600000381469727,9.795000076293945,9.600000381469727,9.704999923706055,267000.0,6.534379959106445
2005-02-25,9.274999618530273,9.649999618530273,9.274999618530273,9.614999771118164,399600.0,6.473781108856201
2005-02-24,9.449999809265137,9.5,9.265000343322754,9.300000190734863,486000.0,6.261691093444824
2005-02-23,9.444999694824219,9.460000038146973,9.369999885559082,9.420000076293945,234000.0,6.342487812042236
2005-02-22,9.765000343322754,9.779999732971191,9.34000015258789,9.354999542236328,486600.0,6.298720836639404
2005-02-18,9.920000076293945,9.9399995803833,9.619999885559082,9.765000343322754,449800.0,6.574775695800781
2005-02-17,9.899999618530273,9.960000038146973,9.78499984741211,9.880000114440918,488800.0,6.652203559875488
2005-02-16,9.829999923706055,9.904999732971191,9.78499984741211,9.850000381469727,647600.0,6.63200569152832
2005-02-15,9.675000190734863,9.845000267028809,9.600000381469727,9.845000267028809,399800.0,6.628639221191406
2005-02-14,9.595000267028809,9.65999984741211,9.53499984741211,9.625,367600.0,6.480513095855713
2005-02-11,9.5,9.640000343322754,9.395000457763672,9.574999809265137,409400.0,6.446849346160889
2005-02-10,9.585000038146973,9.625,9.460000038146973,9.460000038146973,344600.0,6.369418621063232
2005-02-09,9.725000381469727,9.824999809265137,9.5600004196167,9.5600004196167,229800.0,6.436749458312988
2005-02-08,9.699999809265137,9.770000457763672,9.670000076293945,9.75,527600.0,6.564677715301514
2005-02-07,9.805000305175781,9.805000305175781,9.725000381469727,9.75,805600.0,6.564677715301514
2005-02-04,9.774999618530273,9.914999961853027,9.75,9.829999923706055,421400.0,6.618541717529297
2005-02-03,10.0,10.0,9.729999542236328,9.805000305175781,1043200.0,6.601708889007568
2005-02-02,9.675000190734863,10.029999732971191,9.664999961853027,10.020000457763672,1063200.0,6.746466159820557
2005-02-01,9.524999618530273,9.664999961853027,9.524999618530273,9.635000228881836,512000.0,6.487247467041016
2005-01-31,9.449999809265137,9.574999809265137,9.4399995803833,9.545000076293945,550400.0,6.426649570465088
2005-01-28,9.510000228881836,9.579999923706055,9.369999885559082,9.399999618530273,1049800.0,6.329020023345947
2005-01-27,9.569999694824219,9.625,9.5,9.619999885559082,451600.0,6.477147579193115
2005-01-26,9.354999542236328,9.585000038146973,9.354999542236328,9.5600004196167,308000.0,6.436749458312988
2005-01-25,9.335000038146973,9.470000267028809,9.3149995803833,9.345000267028809,1021600.0,6.291989326477051
2005-01-24,9.545000076293945,9.550000190734863,9.279999732971191,9.34000015258789,700400.0,6.288623809814453
2005-01-21,9.600000381469727,9.619999885559082,9.475000381469727,9.550000190734863,653600.0,6.43001651763916
2005-01-20,9.630000114440918,9.71500015258789,9.585000038146973,9.585000038146973,737600.0,6.453580379486084
2005-01-19,9.654999732971191,9.795000076293945,9.555000305175781,9.680000305175781,1202600.0,6.517544746398926
2005-01-18,9.529999732971191,9.65999984741211,9.479999542236328,9.65999984741211,797000.0,6.5040788650512695
2005-01-14,9.475000381469727,9.59000015258789,9.46500015258789,9.524999618530273,688800.0,6.413183689117432
2005-01-13,9.5,9.5649995803833,9.460000038146973,9.489999771118164,1024400.0,6.389618396759033
2005-01-12,9.600000381469727,9.600000381469727,9.430000305175781,9.520000457763672,953800.0,6.409816741943359
2005-01-11,9.699999809265137,9.704999923706055,9.5649995803833,9.574999809265137,994600.0,6.446849346160889
2005-01-10,9.704999923706055,9.800000190734863,9.654999732971191,9.699999809265137,2355800.0,6.53101110458374
2005-01-07,9.949999809265137,9.949999809265137,9.375,9.774999618530273,7337400.0,6.581507682800293
2005-01-06,10.640000343322754,10.675000190734863,10.574999809265137,10.574999809265137,1205200.0,7.120148658752441
2005-01-05,10.550000190734863,10.725000381469727,10.515000343322754,10.640000343322754,813600.0,7.163915157318115
2005-01-04,10.765000343322754,10.805000305175781,10.265000343322754,10.649999618530273,1094600.0,7.170646667480469
2005-01-03,11.475000381469727,11.475000381469727,10.630000114440918,10.765000343322754,1211200.0,7.248074054718018
2004-12-31,11.25,11.279999732971191,11.175000190734863,11.180000305175781,355200.0,7.527495384216309
2004-12-30,11.274999618530273,11.300000190734863,11.154999732971191,11.229999542236328,460000.0,7.561159610748291
2004-12-29,11.125,11.199999809265137,11.039999961853027,11.164999961853027,537000.0,7.517397403717041
2004-12-28,10.664999961853027,11.175000190734863,10.654999732971191,11.125,813200.0,7.4904656410217285
2004-12-27,10.854999542236328,11.0,10.630000114440918,10.65999984741211,670000.0,7.177380084991455
2004-12-23,10.970000267028809,11.010000228881836,10.680000305175781,10.729999542236328,563400.0,7.2245097160339355
2004-12-22,10.619999885559082,11.0,10.600000381469727,10.96500015258789,961000.0,7.382737159729004
2004-12-21,10.5,10.600000381469727,10.399999618530273,10.600000381469727,726800.0,7.136983394622803
2004-12-20,10.595000267028809,10.640000343322754,10.34000015258789,10.510000228881836,770400.0,7.076383590698242
2004-12-17,10.734999656677246,10.734999656677246,10.430000305175781,10.574999809265137,393000.0,7.120148658752441
2004-12-16,10.675000190734863,10.774999618530273,10.59000015258789,10.734999656677246,603800.0,7.227877616882324
2004-12-15,10.65999984741211,10.675000190734863,10.53499984741211,10.630000114440918,805600.0,7.157179832458496
2004-12-14,10.75,10.789999961853027,10.5,10.614999771118164,1151000.0,7.147078990936279
2004-12-13,10.875,10.925000190734863,10.635000228881836,10.75,684200.0,7.237976551055908
2004-12-10,10.649999618530273,10.835000038146973,10.399999618530273,10.824999809265137,1675800.0,7.288473606109619
2004-12-09,10.675000190734863,10.774999618530273,10.225000381469727,10.710000038146973,1303200.0,7.211044788360596
2004-12-08,10.600000381469727,10.710000038146973,10.479999542236328,10.710000038146973,1041800.0,7.211044788360596
2004-12-07,10.510000228881836,10.595000267028809,10.460000038146973,10.550000190734863,595200.0,7.103317737579346
2004-12-06,10.524999618530273,10.645000457763672,10.5,10.520000457763672,688200.0,7.083117961883545
2004-12-03,10.449999809265137,10.524999618530273,10.354999542236328,10.5,1087800.0,7.069652080535889
2004-12-02,10.5600004196167,10.6899995803833,10.46500015258789,10.529999732971191,652600.0,7.089849472045898
2004-12-01,10.595000267028809,10.645000457763672,10.475000381469727,10.550000190734863,1100800.0,7.103317737579346
2004-11-30,10.75,10.949999809265137,10.545000076293945,10.545000076293945,1088400.0,7.099949836730957
2004-11-29,11.0,11.0,10.675000190734863,10.675000190734863,905800.0,7.187479496002197
2004-11-26,10.739999771118164,10.890000343322754,10.704999923706055,10.850000381469727,299000.0,7.305304527282715
2004-11-24,10.425000190734863,10.739999771118164,10.385000228881836,10.739999771118164,1761200.0,7.231243133544922
2004-11-23,10.234999656677246,10.774999618530273,10.199999809265137,10.300000190734863,3663200.0,6.934991836547852
2004-11-22,10.25,10.335000038146973,9.845000267028809,9.895000457763672,2678200.0,6.662304401397705
2004-11-19,10.725000381469727,10.725000381469727,10.234999656677246,10.270000457763672,3224400.0,6.914793014526367
2004-11-18,10.975000381469727,10.975000381469727,10.755000114440918,10.949999809265137,1524000.0,7.372635841369629
2004-11-17,11.119999885559082,11.420000076293945,11.0,11.0,2098600.0,7.406301975250244
2004-11-16,11.550000190734863,11.579999923706055,11.029999732971191,11.154999732971191,2438800.0,7.51066255569458
2004-11-15,11.449999809265137,11.574999809265137,11.149999618530273,11.574999809265137,4906800.0,7.793448448181152
2004-11-12,10.800000190734863,11.755000114440918,10.800000190734863,11.75,4220400.0,7.9112772941589355
2004-11-11,10.75,10.800000190734863,10.335000038146973,10.694999694824219,2437000.0,7.200944423675537
2004-11-10,11.0,11.0,10.675000190734863,10.699999809265137,1378200.0,7.204310894012451
2004-11-09,11.425000190734863,11.430000305175781,10.994999885559082,10.994999885559082,1772200.0,7.402935028076172
2004-11-08,11.399999618530273,11.555000305175781,11.119999885559082,11.425000190734863,1842200.0,7.6924543380737305
2004-11-05,10.725000381469727,10.84000015258789,10.5,10.765000343322754,2077400.0,7.248074054718018
2004-11-04,9.960000038146973,10.239999771118164,9.824999809265137,10.149999618530273,670200.0,6.8339972496032715
2004-11-03,10.0600004196167,10.154999732971191,9.9350004196167,9.979999542236328,929600.0,6.719533920288086
2004-11-02,9.899999618530273,10.119999885559082,9.875,10.029999732971191,540600.0,6.753199577331543
2004-11-01,9.800000190734863,9.9350004196167,9.800000190734863,9.904999732971191,237000.0,6.669037818908691
2004-10-29,9.925000190734863,9.949999809265137,9.664999961853027,9.795000076293945,809000.0,6.594973087310791
2004-10-28,10.0,10.109999656677246,9.904999732971191,9.949999809265137,401400.0,6.69933557510376
2004-10-27,9.75,10.100000381469727,9.699999809265137,10.005000114440918,729000.0,6.736367702484131
2004-10-26,9.574999809265137,9.774999618530273,9.574999809265137,9.725000381469727,706800.0,6.547844886779785
2004-10-25,9.585000038146973,9.604999542236328,9.489999771118164,9.600000381469727,316800.0,6.463680744171143
2004-10-22,9.71500015258789,9.774999618530273,9.505000114440918,9.635000228881836,227200.0,6.487247467041016
2004-10-21,9.595000267028809,9.8100004196167,9.524999618530273,9.739999771118164,387600.0,6.557943344116211
2004-10-20,9.399999618530273,9.569999694824219,9.335000038146973,9.569999694824219,453600.0,6.443482398986816
2004-10-19,9.5649995803833,9.699999809265137,9.4350004196167,9.46500015258789,414400.0,6.372786045074463
2004-10-18,9.524999618530273,9.579999923706055,9.4399995803833,9.550000190734863,595200.0,6.43001651763916
2004-10-15,9.239999771118164,9.699999809265137,9.234999656677246,9.545000076293945,830600.0,6.426649570465088
2004-10-14,9.425000190734863,9.430000305175781,9.164999961853027,9.225000381469727,929600.0,6.21119499206543
2004-10-13,9.649999618530273,9.720000267028809,9.404999732971191,9.425000190734863,404000.0,6.34585428237915
2004-10-12,9.5600004196167,9.645000457763672,9.359999656677246,9.600000381469727,731600.0,6.463680744171143
2004-10-11,9.404999732971191,9.635000228881836,9.350000381469727,9.5600004196167,539800.0,6.436749458312988
2004-10-08,9.454999923706055,9.53499984741211,9.324999809265137,9.359999656677246,957200.0,6.302088737487793
2004-10-07,9.699999809265137,9.704999923706055,9.100000381469727,9.460000038146973,1760800.0,6.369418621063232
2004-10-06,10.079999923706055,10.170000076293945,9.765000343322754,9.944999694824219,1014800.0,6.695968151092529
2004-10-05,9.899999618530273,10.229999542236328,9.899999618530273,10.114999771118164,746200.0,6.81043004989624
2004-10-04,9.5,10.045000076293945,9.305000305175781,9.975000381469727,1828400.0,6.71616792678833
2004-10-01,9.270000457763672,9.46500015258789,9.239999771118164,9.460000038146973,558000.0,6.369418621063232
2004-09-30,9.085000038146973,9.274999618530273,9.050000190734863,9.255000114440918,706800.0,6.231391906738281
2004-09-29,8.824999809265137,9.09000015258789,8.824999809265137,9.085000038146973,329800.0,6.116931438446045
2004-09-28,8.960000038146973,8.975000381469727,8.835000038146973,8.890000343322754,368000.0,5.98563814163208
2004-09-27,9.100000381469727,9.109999656677246,8.949999809265137,8.960000038146973,187600.0,6.032768726348877
2004-09-24,8.9399995803833,9.145000457763672,8.880000114440918,9.125,472400.0,6.143863677978516
2004-09-23,9.100000381469727,9.109999656677246,8.890000343322754,8.925000190734863,380000.0,6.009204387664795
2004-09-22,9.25,9.260000228881836,8.925000190734863,9.100000381469727,397200.0,6.127030849456787
2004-09-21,9.074999809265137,9.25,9.024999618530273,9.25,256200.0,6.228026866912842
2004-09-20,9.149999618530273,9.25,8.975000381469727,9.050000190734863,423800.0,6.0933661460876465
2004-09-17,8.96500015258789,9.375,8.75,9.375,751800.0,6.312188148498535
2004-09-16,8.795000076293945,8.920000076293945,8.774999618530273,8.890000343322754,174400.0,5.98563814163208
2004-09-15,8.65999984741211,8.845000267028809,8.65999984741211,8.765000343322754,225200.0,5.901474952697754
2004-09-14,8.595000267028809,8.864999771118164,8.59000015258789,8.725000381469727,209400.0,5.874543190002441
2004-09-13,8.619999885559082,8.789999961853027,8.619999885559082,8.664999961853027,261800.0,5.8341450691223145
2004-09-10,8.604999542236328,8.704999923706055,8.550000190734863,8.619999885559082,154600.0,5.80384635925293
2004-09-09,8.539999961853027,8.670000076293945,8.5,8.630000114440918,171000.0,5.810580730438232
2004-09-08,8.6850004196167,8.744999885559082,8.515000343322754,8.520000457763672,130200.0,5.736518859863281
2004-09-07,8.654999732971191,8.725000381469727,8.5,8.664999961853027,190600.0,5.8341450691223145
2004-09-03,8.649999618530273,8.649999618530273,8.399999618530273,8.630000114440918,199400.0,5.810580730438232
2004-09-02,8.470000267028809,8.670000076293945,8.470000267028809,8.649999618530273,247000.0,5.824045181274414
2004-09-01,8.380000114440918,8.585000038146973,8.380000114440918,8.470000267028809,333800.0,5.702854156494141
2004-08-31,8.574999809265137,8.59000015258789,8.350000381469727,8.380000114440918,408600.0,5.642256259918213
2004-08-30,8.470000267028809,8.675000190734863,8.4350004196167,8.555000305175781,304800.0,5.760083198547363
2004-08-27,8.475000381469727,8.53499984741211,8.4399995803833,8.494999885559082,242000.0,5.7196831703186035
2004-08-26,8.475000381469727,8.529999732971191,8.404999732971191,8.4350004196167,155800.0,5.679286956787109
2004-08-25,8.479999542236328,8.53499984741211,8.4399995803833,8.5,185800.0,5.723050594329834
2004-08-24,8.380000114440918,8.600000381469727,8.380000114440918,8.479999542236328,406600.0,5.709585666656494
2004-08-23,8.524999618530273,8.539999961853027,8.305000305175781,8.364999771118164,230800.0,5.632154941558838
2004-08-20,8.675000190734863,8.8100004196167,8.385000228881836,8.5,889600.0,5.723050594329834
2004-08-19,8.3100004196167,8.595000267028809,8.234999656677246,8.574999809265137,979400.0,5.7735490798950195
2004-08-18,8.005000114440918,8.375,7.960000038146973,8.369999885559082,478000.0,5.635521411895752
2004-08-17,7.925000190734863,8.114999771118164,7.849999904632568,8.024999618530273,1403000.0,5.403233528137207
2004-08-16,7.449999809265137,7.949999809265137,7.449999809265137,7.900000095367432,616200.0,5.319071292877197
2004-08-13,7.474999904632568,7.570000171661377,7.409999847412109,7.5,170400.0,5.049750804901123
2004-08-12,7.474999904632568,7.559999942779541,7.329999923706055,7.454999923706055,240400.0,5.019452095031738
2004-08-11,7.550000190734863,7.619999885559082,7.454999923706055,7.519999980926514,245600.0,5.0632171630859375
2004-08-10,7.485000133514404,7.75,7.485000133514404,7.545000076293945,204400.0,5.080049991607666
2004-08-09,7.5,7.625,7.400000095367432,7.434999942779541,448200.0,5.005987167358398
2004-08-06,7.400000095367432,7.519999980926514,7.235000133514404,7.5,501600.0,5.049750804901123
2004-08-05,7.574999809265137,7.605000019073486,7.445000171661377,7.474999904632568,286000.0,5.0329179763793945
2004-08-04,7.650000095367432,7.75,7.554999828338623,7.599999904632568,355600.0,5.117081165313721
2004-08-03,7.784999847412109,7.864999771118164,7.619999885559082,7.650000095367432,634800.0,5.150745868682861
2004-08-02,7.659999847412109,7.84499979019165,7.625,7.840000152587891,182000.0,5.27867317199707
2004-07-30,7.675000190734863,7.75,7.644999980926514,7.699999809265137,162400.0,5.184411525726318
2004-07-29,7.579999923706055,7.715000152587891,7.574999809265137,7.695000171661377,237200.0,5.181044578552246
2004-07-28,7.599999904632568,7.599999904632568,7.5,7.554999828338623,371200.0,5.086781978607178
2004-07-27,7.324999809265137,7.650000095367432,7.304999828338623,7.644999980926514,480800.0,5.147380352020264
2004-07-26,7.324999809265137,7.385000228881836,7.284999847412109,7.284999847412109,265800.0,4.904991149902344
2004-07-23,7.635000228881836,7.635000228881836,7.25,7.28000020980835,712600.0,4.9016242027282715
2004-07-22,7.75,7.764999866485596,7.550000190734863,7.675000190734863,460200.0,5.16757869720459
2004-07-21,7.675000190734863,7.960000038146973,7.605000019073486,7.760000228881836,796800.0,5.224809169769287
2004-07-20,7.349999904632568,7.650000095367432,7.304999828338623,7.590000152587891,280800.0,5.110348701477051
2004-07-19,7.505000114440918,7.554999828338623,7.394999980926514,7.400000095367432,326400.0,4.982421398162842
2004-07-16,7.565000057220459,7.565000057220459,7.394999980926514,7.525000095367432,488400.0,5.066583633422852
2004-07-15,7.539999961853027,7.619999885559082,7.514999866485596,7.545000076293945,743800.0,5.080049991607666
2004-07-14,7.550000190734863,7.650000095367432,7.5,7.574999809265137,560800.0,5.100247859954834
2004-07-13,7.510000228881836,7.675000190734863,7.505000114440918,7.570000171661377,756200.0,5.0968828201293945
2004-07-12,7.349999904632568,7.5,7.264999866485596,7.5,311000.0,5.049750804901123
2004-07-09,7.324999809265137,7.414999961853027,7.184999942779541,7.400000095367432,439400.0,4.982421398162842
2004-07-08,7.289999961853027,7.369999885559082,7.224999904632568,7.349999904632568,538000.0,4.948755741119385
2004-07-07,7.340000152587891,7.5,7.289999961853027,7.289999961853027,505800.0,4.908357620239258
2004-07-06,7.434999942779541,7.525000095367432,7.284999847412109,7.375,358800.0,4.965588092803955
2004-07-02,7.449999809265137,7.53000020980835,7.385000228881836,7.429999828338623,277600.0,5.002620220184326
2004-07-01,7.610000133514404,7.650000095367432,7.335000038146973,7.400000095367432,395200.0,4.982421398162842
2004-06-30,7.514999866485596,7.664999961853027,7.480000019073486,7.610000133514404,562400.0,5.123813629150391
2004-06-29,7.565000057220459,7.574999809265137,7.440000057220459,7.449999809265137,237800.0,5.016086101531982
2004-06-28,7.550000190734863,7.625,7.474999904632568,7.505000114440918,267800.0,5.0531182289123535
2004-06-25,7.414999961853027,7.550000190734863,7.260000228881836,7.550000190734863,1092000.0,5.083415985107422
2004-06-24,7.445000171661377,7.474999904632568,7.355000019073486,7.364999771118164,654600.0,4.958855152130127
2004-06-23,7.309999942779541,7.449999809265137,7.235000133514404,7.420000076293945,1033000.0,4.995887279510498
2004-06-22,7.5,7.505000114440918,7.25,7.269999980926514,1018600.0,4.894891738891602
2004-06-21,7.519999980926514,7.619999885559082,7.5,7.5,803200.0,5.049750804901123
2004-06-18,7.760000228881836,7.764999866485596,7.510000228881836,7.514999866485596,524600.0,5.059850692749023
2004-06-17,7.840000152587891,7.840000152587891,7.675000190734863,7.755000114440918,387400.0,5.221442699432373
2004-06-16,7.735000133514404,7.909999847412109,7.724999904632568,7.889999866485596,400800.0,5.312337875366211
2004-06-15,7.75,7.860000133514404,7.650000095367432,7.699999809265137,829600.0,5.184411525726318
2004-06-14,7.875,7.875,7.630000114440918,7.704999923706055,707400.0,5.1877760887146
2004-06-10,8.039999961853027,8.045000076293945,7.855000019073486,7.909999847412109,707800.0,5.325804233551025
2004-06-09,7.949999809265137,8.140000343322754,7.949999809265137,8.03499984741211,777400.0,5.409965515136719
2004-06-08,7.949999809265137,8.024999618530273,7.920000076293945,7.974999904632568,381000.0,5.369568824768066
2004-06-07,7.900000095367432,8.020000457763672,7.875,7.974999904632568,608000.0,5.369568824768066
2004-06-04,7.699999809265137,7.855000019073486,7.679999828338623,7.795000076293945,888600.0,5.248373985290527
2004-06-03,7.78000020980835,7.784999847412109,7.605000019073486,7.650000095367432,1316200.0,5.150745868682861
2004-06-02,7.760000228881836,7.824999809265137,7.744999885559082,7.78000020980835,876200.0,5.238275527954102
2004-06-01,7.809999942779541,7.920000076293945,7.755000114440918,7.760000228881836,669200.0,5.224809169769287
2004-05-28,7.864999771118164,7.900000095367432,7.800000190734863,7.809999942779541,493000.0,5.258474826812744
2004-05-27,7.829999923706055,7.949999809265137,7.809999942779541,7.864999771118164,360200.0,5.295505523681641
2004-05-26,7.715000152587891,7.920000076293945,7.659999847412109,7.849999904632568,811000.0,5.285406112670898
2004-05-25,7.695000171661377,7.739999771118164,7.639999866485596,7.699999809265137,857400.0,5.184411525726318
2004-05-24,7.75,7.989999771118164,7.650000095367432,7.695000171661377,288800.0,5.181044578552246
2004-05-21,7.735000133514404,7.769999980926514,7.675000190734863,7.699999809265137,651400.0,5.184411525726318
2004-05-20,7.824999809265137,7.989999771118164,7.574999809265137,7.664999961853027,992000.0,5.1608452796936035
2004-05-19,8.074999809265137,8.225000381469727,7.675000190734863,7.75,956200.0,5.218076705932617
2004-05-18,8.100000381469727,8.100000381469727,7.625,7.875,1321200.0,5.302238941192627
2004-05-17,8.494999885559082,8.5,8.229999542236328,8.265000343322754,433400.0,5.564826488494873
2004-05-14,8.625,8.680000305175781,8.5,8.53499984741211,256000.0,5.746615886688232
2004-05-13,8.670000076293945,8.859999656677246,8.5,8.625,405400.0,5.807214260101318
2004-05-12,8.739999771118164,8.8149995803833,8.404999732971191,8.670000076293945,385200.0,5.837512493133545
2004-05-11,8.725000381469727,8.850000381469727,8.675000190734863,8.75,572600.0,5.8913750648498535
2004-05-10,8.75,8.9350004196167,8.569999694824219,8.600000381469727,322200.0,5.79038143157959
2004-05-07,8.975000381469727,9.024999618530273,8.795000076293945,8.800000190734863,454000.0,5.925041675567627
2004-05-06,8.989999771118164,9.0600004196167,8.875,9.024999618530273,263800.0,6.076533317565918
2004-05-05,9.0600004196167,9.149999618530273,9.005000114440918,9.039999961853027,203200.0,6.086633205413818
2004-05-04,8.885000228881836,9.225000381469727,8.885000228881836,9.09000015258789,347400.0,6.120298385620117
2004-05-03,8.78499984741211,9.095000267028809,8.774999618530273,8.885000228881836,361000.0,5.982270240783691
2004-04-30,8.925000190734863,8.925000190734863,8.6899995803833,8.805000305175781,543400.0,5.928407192230225
2004-04-29,9.050000190734863,9.055000305175781,8.805000305175781,8.875,220000.0,5.975538730621338
2004-04-28,9.09000015258789,9.104999542236328,8.984999656677246,8.994999885559082,279800.0,6.056334972381592
2004-04-27,9.114999771118164,9.25,9.100000381469727,9.140000343322754,240400.0,6.153963565826416
2004-04-26,9.149999618530273,9.149999618530273,9.029999732971191,9.079999923706055,136200.0,6.113564491271973
2004-04-23,9.274999618530273,9.295000076293945,9.029999732971191,9.074999809265137,295800.0,6.110199451446533
2004-04-22,9.244999885559082,9.350000381469727,9.180000305175781,9.270000457763672,261000.0,6.241491794586182
2004-04-21,9.024999618530273,9.3100004196167,8.994999885559082,9.244999885559082,356600.0,6.2246599197387695
2004-04-20,9.199999809265137,9.199999809265137,8.994999885559082,8.994999885559082,178400.0,6.056334972381592
2004-04-19,9.109999656677246,9.15999984741211,8.984999656677246,9.135000228881836,141800.0,6.150596618652344
2004-04-16,9.074999809265137,9.220000267028809,9.005000114440918,9.109999656677246,248400.0,6.133764743804932
2004-04-15,9.024999618530273,9.175000190734863,9.010000228881836,9.145000457763672,215800.0,6.1573286056518555
2004-04-14,8.875,9.145000457763672,8.729999542236328,8.954999923706055,312000.0,6.029401779174805
2004-04-13,9.225000381469727,9.300000190734863,8.920000076293945,8.975000381469727,299400.0,6.042868137359619
2004-04-12,9.199999809265137,9.3149995803833,9.164999961853027,9.225000381469727,144600.0,6.21119499206543
2004-04-08,9.324999809265137,9.364999771118164,9.194999694824219,9.210000038146973,304000.0,6.2010931968688965
2004-04-07,9.149999618530273,9.199999809265137,9.069999694824219,9.15999984741211,217600.0,6.167430877685547
2004-04-06,9.149999618530273,9.225000381469727,9.119999885559082,9.199999809265137,261400.0,6.194360733032227
2004-04-05,9.180000305175781,9.260000228881836,9.135000228881836,9.229999542236328,403200.0,6.2145609855651855
2004-04-02,9.079999923706055,9.244999885559082,9.050000190734863,9.180000305175781,357800.0,6.1808953285217285
2004-04-01,9.0,9.125,8.90999984741211,8.96500015258789,300000.0,6.036137104034424
2004-03-31,9.045000076293945,9.095000267028809,8.9399995803833,9.010000228881836,342600.0,6.066433906555176
2004-03-30,9.050000190734863,9.0600004196167,8.864999771118164,8.979999542236328,394600.0,6.046235084533691
2004-03-29,9.0,9.194999694824219,8.949999809265137,9.0649995803833,676600.0,6.103464126586914
2004-03-26,8.625,8.770000457763672,8.619999885559082,8.739999771118164,635600.0,5.884643077850342
2004-03-25,8.600000381469727,8.725000381469727,8.550000190734863,8.625,344000.0,5.807214260101318
2004-03-24,8.524999618530273,8.625,8.425000190734863,8.494999885559082,669000.0,5.7196831703186035
2004-03-23,8.399999618530273,8.5,8.300000190734863,8.5,484400.0,5.723050594329834
2004-03-22,8.555000305175781,8.555000305175781,8.244999885559082,8.255000114440918,377400.0,5.55809211730957
2004-03-19,8.414999961853027,8.574999809265137,8.375,8.53499984741211,512200.0,5.746615886688232
2004-03-18,8.449999809265137,8.449999809265137,8.300000190734863,8.364999771118164,449200.0,5.632154941558838
2004-03-17,8.585000038146973,8.704999923706055,8.255000114440918,8.4350004196167,890600.0,5.679286956787109
2004-03-16,8.789999961853027,8.835000038146973,8.390000343322754,8.585000038146973,339200.0,5.780281066894531
2004-03-15,8.899999618530273,8.899999618530273,8.640000343322754,8.789999961853027,364600.0,5.918307781219482
2004-03-12,8.5,8.949999809265137,8.494999885559082,8.949999809265137,368600.0,6.026036262512207
2004-03-11,8.574999809265137,8.654999732971191,8.430000305175781,8.430000305175781,400400.0,5.675920486450195
2004-03-10,8.869999885559082,9.050000190734863,8.5,8.53499984741211,556800.0,5.746615886688232
2004-03-09,9.0,9.0,8.8100004196167,8.864999771118164,265200.0,5.968806743621826
2004-03-08,9.024999618530273,9.069999694824219,8.864999771118164,8.899999618530273,223400.0,5.992371082305908
2004-03-05,8.925000190734863,9.104999542236328,8.84000015258789,9.050000190734863,205800.0,6.0933661460876465
2004-03-04,9.149999618530273,9.149999618530273,8.954999923706055,9.005000114440918,454800.0,6.063067436218262
2004-03-03,9.125,9.265000343322754,8.9350004196167,9.145000457763672,272400.0,6.1573286056518555
2004-03-02,9.289999961853027,9.369999885559082,9.010000228881836,9.074999809265137,595400.0,6.110199451446533
2004-03-01,9.324999809265137,9.364999771118164,9.199999809265137,9.279999732971191,243600.0,6.248224258422852
2004-02-27,9.289999961853027,9.364999771118164,9.204999923706055,9.324999809265137,425600.0,6.278523921966553
2004-02-26,9.0,9.274999618530273,8.925000190734863,9.239999771118164,522000.0,6.2212934494018555
2004-02-25,9.3149995803833,9.484999656677246,9.229999542236328,9.324999809265137,475600.0,6.278523921966553
2004-02-24,9.100000381469727,9.425000190734863,8.949999809265137,9.3149995803833,1368800.0,6.271790981292725
2004-02-23,9.0,9.0,8.850000381469727,8.904999732971191,587400.0,5.9957380294799805
2004-02-20,9.0,9.029999732971191,8.84000015258789,9.0,418800.0,6.0597004890441895
2004-02-19,9.225000381469727,9.234999656677246,9.005000114440918,9.029999732971191,522800.0,6.079902172088623
2004-02-18,9.204999923706055,9.300000190734863,8.824999809265137,9.024999618530273,694400.0,6.076533317565918
2004-02-17,8.609999656677246,9.154999732971191,8.609999656677246,9.154999732971191,569600.0,6.164063453674316
2004-02-13,8.800000190734863,8.800000190734863,8.5600004196167,8.59000015258789,353200.0,5.7836480140686035
2004-02-12,8.755000114440918,8.800000190734863,8.720000267028809,8.75,265600.0,5.8913750648498535
2004-02-11,8.625,8.859999656677246,8.574999809265137,8.75,374800.0,5.8913750648498535
2004-02-10,8.449999809265137,8.614999771118164,8.414999961853027,8.600000381469727,325400.0,5.79038143157959
2004-02-09,8.675000190734863,8.675000190734863,8.375,8.399999618530273,577800.0,5.6557207107543945
2004-02-06,8.350000381469727,8.710000038146973,8.335000038146973,8.710000038146973,542600.0,5.864444255828857
2004-02-05,8.175000190734863,8.399999618530273,8.175000190734863,8.25,353600.0,5.554725170135498
2004-02-04,8.125,8.210000038146973,8.03499984741211,8.15999984741211,574400.0,5.494128704071045
2004-02-03,8.199999809265137,8.324999809265137,8.125,8.145000457763672,388400.0,5.484030723571777
2004-02-02,8.505000114440918,8.524999618530273,8.164999961853027,8.175000190734863,596000.0,5.504228115081787
2004-01-30,8.199999809265137,8.390000343322754,8.149999618530273,8.300000190734863,288000.0,5.588390827178955
2004-01-29,8.25,8.470000267028809,7.965000152587891,8.25,550400.0,5.554725170135498
2004-01-28,8.510000228881836,8.515000343322754,8.154999732971191,8.274999618530273,377600.0,5.571559429168701
2004-01-27,8.625,8.699999809265137,8.484999656677246,8.524999618530273,350400.0,5.739882946014404
2004-01-26,8.524999618530273,8.614999771118164,8.319999694824219,8.569999694824219,525600.0,5.770182132720947
2004-01-23,8.630000114440918,8.630000114440918,8.399999618530273,8.494999885559082,404200.0,5.7196831703186035
2004-01-22,8.760000228881836,8.800000190734863,8.505000114440918,8.604999542236328,539400.0,5.793747901916504
2004-01-21,8.739999771118164,8.789999961853027,8.59000015258789,8.729999542236328,604400.0,5.877910614013672
2004-01-20,8.710000038146973,8.944999694824219,8.65999984741211,8.699999809265137,549800.0,5.857711315155029
2004-01-16,8.850000381469727,8.850000381469727,8.6850004196167,8.75,567000.0,5.8913750648498535
2004-01-15,8.84000015258789,8.84000015258789,8.574999809265137,8.699999809265137,504600.0,5.857711315155029
2004-01-14,8.930000305175781,8.930000305175781,8.755000114440918,8.789999961853027,402600.0,5.918307781219482
2004-01-13,8.979999542236328,8.979999542236328,8.71500015258789,8.90999984741211,421800.0,5.999104022979736
2004-01-12,8.989999771118164,9.050000190734863,8.864999771118164,8.979999542236328,883000.0,6.046235084533691
2004-01-09,9.074999809265137,9.274999618530273,8.970000267028809,8.984999656677246,940600.0,6.049600601196289
2004-01-08,8.975000381469727,9.449999809265137,8.805000305175781,9.28499984741211,1456200.0,6.251590728759766
2004-01-07,8.899999618530273,9.015000343322754,8.5,8.524999618530273,934400.0,5.739882946014404
2004-01-06,8.484999656677246,9.21500015258789,8.484999656677246,9.0,2571400.0,6.0597004890441895
2004-01-05,7.619999885559082,8.029999732971191,7.579999923706055,8.029999732971191,785200.0,5.406599998474121
2004-01-02,7.900000095367432,7.900000095367432,7.525000095367432,7.565000057220459,325400.0,5.093515872955322
2003-12-31,7.815000057220459,7.820000171661377,7.65500020980835,7.704999923706055,290200.0,5.1877760887146
2003-12-30,7.679999828338623,7.800000190734863,7.670000076293945,7.764999866485596,272200.0,5.228174686431885
2003-12-29,7.579999923706055,7.699999809265137,7.454999923706055,7.699999809265137,281400.0,5.184411525726318
2003-12-26,7.574999809265137,7.599999904632568,7.5,7.53000020980835,149000.0,5.069950580596924
2003-12-24,7.815000057220459,7.815000057220459,7.474999904632568,7.494999885559082,223400.0,5.046384811401367
2003-12-23,7.545000076293945,7.864999771118164,7.545000076293945,7.864999771118164,297000.0,5.295505523681641
2003-12-22,7.599999904632568,7.650000095367432,7.505000114440918,7.519999980926514,392200.0,5.0632171630859375
2003-12-19,7.599999904632568,7.795000076293945,7.585000038146973,7.695000171661377,522000.0,5.181044578552246
2003-12-18,7.400000095367432,7.670000076293945,7.375,7.574999809265137,536800.0,5.100247859954834
2003-12-17,7.425000190734863,7.429999828338623,7.275000095367432,7.349999904632568,565400.0,4.948755741119385
2003-12-16,7.25,7.46999979019165,7.204999923706055,7.46999979019165,627400.0,5.029551982879639
2003-12-15,7.695000171661377,7.715000152587891,7.199999809265137,7.204999923706055,672200.0,4.8511271476745605
2003-12-12,7.599999904632568,7.699999809265137,7.5,7.570000171661377,330200.0,5.0968828201293945
2003-12-11,7.25,7.675000190734863,7.25,7.650000095367432,934200.0,5.150745868682861
2003-12-10,7.15500020980835,7.28000020980835,7.139999866485596,7.230000019073486,623000.0,4.867959022521973
2003-12-09,7.349999904632568,7.429999828338623,7.144999980926514,7.150000095367432,457000.0,4.814094543457031
2003-12-08,7.300000190734863,7.375,7.25,7.335000038146973,494800.0,4.938656806945801
2003-12-05,7.380000114440918,7.425000190734863,7.284999847412109,7.349999904632568,737000.0,4.948755741119385
2003-12-04,7.650000095367432,7.650000095367432,7.065000057220459,7.429999828338623,1165200.0,5.002620220184326
2003-12-03,7.699999809265137,7.775000095367432,7.630000114440918,7.650000095367432,830400.0,5.150745868682861
2003-12-02,7.949999809265137,7.949999809265137,7.554999828338623,7.625,1180200.0,5.133913516998291
2003-12-01,8.175000190734863,8.175000190734863,7.894999980926514,7.994999885559082,892000.0,5.383035182952881
2003-11-28,8.100000381469727,8.145000457763672,8.055000305175781,8.074999809265137,191400.0,5.436898231506348
2003-11-26,8.09000015258789,8.274999618530273,8.055000305175781,8.079999923706055,377000.0,5.440265655517578
2003-11-25,8.279999732971191,8.3100004196167,8.050000190734863,8.0649995803833,511200.0,5.430165767669678
2003-11-24,8.175000190734863,8.324999809265137,8.100000381469727,8.234999656677246,453000.0,5.544626235961914
2003-11-21,8.210000038146973,8.289999961853027,8.050000190734863,8.085000038146973,407200.0,5.443631172180176
2003-11-20,7.824999809265137,8.324999809265137,7.824999809265137,8.109999656677246,1579600.0,5.460463523864746
2003-11-19,7.699999809265137,7.869999885559082,7.574999809265137,7.704999923706055,570400.0,5.1877760887146
2003-11-18,8.0,8.21500015258789,7.519999980926514,7.574999809265137,1345000.0,5.100247859954834
2003-11-17,8.085000038146973,8.125,7.885000228881836,8.0,537200.0,5.3864006996154785
2003-11-14,8.350000381469727,8.369999885559082,8.0,8.085000038146973,492400.0,5.443631172180176
2003-11-13,8.585000038146973,8.585000038146973,8.335000038146973,8.350000381469727,561400.0,5.62205696105957
2003-11-12,8.4399995803833,8.649999618530273,8.4399995803833,8.635000228881836,702600.0,5.813945293426514
2003-11-11,8.260000228881836,8.449999809265137,8.260000228881836,8.449999809265137,805000.0,5.689384937286377
2003-11-10,8.404999732971191,8.404999732971191,8.25,8.324999809265137,638400.0,5.605223655700684
2003-11-07,8.475000381469727,8.595000267028809,8.399999618530273,8.399999618530273,470000.0,5.6557207107543945
2003-11-06,8.350000381469727,8.800000190734863,8.199999809265137,8.449999809265137,1574600.0,5.689384937286377
2003-11-05,8.0,8.425000190734863,7.985000133514404,8.350000381469727,1157200.0,5.62205696105957
2003-11-04,7.980000019073486,8.055000305175781,7.929999828338623,7.934999942779541,1278200.0,5.342636585235596
2003-11-03,8.029999732971191,8.600000381469727,7.699999809265137,7.809999942779541,2182400.0,5.258474826812744
2003-10-31,8.505000114440918,8.625,8.350000381469727,8.40999984741211,524200.0,5.662453651428223
2003-10-30,8.625,8.75,8.5,8.5,494400.0,5.723050594329834
2003-10-29,8.625,8.625,8.404999732971191,8.5,249800.0,5.723050594329834
2003-10-28,8.4399995803833,8.880000114440918,8.425000190734863,8.675000190734863,507000.0,5.840878486633301
2003-10-27,8.079999923706055,8.380000114440918,8.079999923706055,8.34000015258789,449400.0,5.615324020385742
2003-10-24,8.425000190734863,8.425000190734863,7.84499979019165,8.03499984741211,1461000.0,5.409965515136719
2003-10-23,8.600000381469727,8.805000305175781,8.479999542236328,8.505000114440918,886000.0,5.726417064666748
2003-10-22,8.994999885559082,9.0,8.699999809265137,8.774999618530273,768600.0,5.908207893371582
2003-10-21,9.024999618530273,9.079999923706055,8.96500015258789,9.005000114440918,751000.0,6.063067436218262
2003-10-20,9.100000381469727,9.225000381469727,8.9399995803833,9.024999618530273,664600.0,6.076533317565918
2003-10-17,9.25,9.375,9.100000381469727,9.125,336000.0,6.143863677978516
2003-10-16,9.449999809265137,9.449999809265137,9.25,9.359999656677246,505000.0,6.302088737487793
2003-10-15,9.5,9.524999618530273,9.414999961853027,9.460000038146973,879800.0,6.369418621063232
2003-10-14,9.175000190734863,9.425000190734863,9.109999656677246,9.425000190734863,620800.0,6.34585428237915
2003-10-13,8.699999809265137,9.324999809265137,8.649999618530273,9.21500015258789,1197400.0,6.204460620880127
2003-10-10,8.774999618530273,8.795000076293945,8.550000190734863,8.710000038146973,369800.0,5.864444255828857
2003-10-09,8.600000381469727,8.829999923706055,8.600000381469727,8.75,401200.0,5.8913750648498535
2003-10-08,8.625,8.739999771118164,8.529999732971191,8.539999961853027,274000.0,5.749983310699463
2003-10-07,8.5,8.670000076293945,8.430000305175781,8.625,278000.0,5.807214260101318
2003-10-06,8.390000343322754,8.625,8.239999771118164,8.625,215600.0,5.807214260101318
2003-10-03,8.34000015258789,8.494999885559082,8.25,8.34000015258789,354400.0,5.615324020385742
2003-10-02,8.100000381469727,8.300000190734863,8.100000381469727,8.289999961853027,321800.0,5.581657409667969
2003-10-01,7.949999809265137,8.324999809265137,7.949999809265137,8.125,507800.0,5.470564365386963
2003-09-30,8.199999809265137,8.225000381469727,7.875,7.949999809265137,332200.0,5.35273551940918
2003-09-29,8.125,8.15999984741211,7.824999809265137,8.149999618530273,427800.0,5.487396717071533
2003-09-26,8.050000190734863,8.199999809265137,7.949999809265137,8.125,738600.0,5.470564365386963
2003-09-25,8.1899995803833,8.40999984741211,8.0,8.0,645000.0,5.3864006996154785
2003-09-24,8.53499984741211,8.600000381469727,8.175000190734863,8.1899995803833,474400.0,5.514328479766846
2003-09-23,8.390000343322754,8.600000381469727,8.324999809265137,8.574999809265137,719600.0,5.7735490798950195
2003-09-22,8.524999618530273,8.524999618530273,8.350000381469727,8.390000343322754,394800.0,5.648989677429199
2003-09-19,8.5600004196167,8.675000190734863,8.555000305175781,8.574999809265137,737000.0,5.7735490798950195
2003-09-18,8.574999809265137,8.71500015258789,8.53499984741211,8.574999809265137,492800.0,5.7735490798950195
2003-09-17,8.5,8.75,8.449999809265137,8.635000228881836,385800.0,5.813945293426514
2003-09-16,8.645000457763672,8.645000457763672,8.399999618530273,8.425000190734863,695000.0,5.672554016113281
2003-09-15,8.404999732971191,8.694999694824219,8.404999732971191,8.600000381469727,1226000.0,5.79038143157959
2003-09-12,8.494999885559082,8.494999885559082,7.849999904632568,8.404999732971191,2236000.0,5.659088134765625
2003-09-11,8.625,8.734999656677246,8.399999618530273,8.494999885559082,569800.0,5.7196831703186035
2003-09-10,8.774999618530273,8.789999961853027,8.555000305175781,8.619999885559082,1221400.0,5.80384635925293
2003-09-09,8.920000076293945,9.039999961853027,8.8100004196167,8.850000381469727,514200.0,5.958706855773926
2003-09-08,9.0,9.050000190734863,8.625,8.920000076293945,882400.0,6.005836009979248
2003-09-05,8.9399995803833,9.050000190734863,8.890000343322754,9.0,964400.0,6.0597004890441895
2003-09-04,8.800000190734863,9.125,8.75,8.989999771118164,814800.0,6.0529680252075195
2003-09-03,8.699999809265137,8.930000305175781,8.699999809265137,8.885000228881836,830600.0,5.982270240783691
2003-09-02,8.375,8.6899995803833,8.375,8.649999618530273,602600.0,5.824045181274414
2003-08-29,8.279999732971191,8.494999885559082,8.279999732971191,8.3149995803833,257400.0,5.5984907150268555
2003-08-28,8.25,8.359999656677246,8.154999732971191,8.25,621000.0,5.554725170135498
2003-08-27,7.925000190734863,8.260000228881836,7.925000190734863,8.199999809265137,443200.0,5.521059513092041
2003-08-26,8.100000381469727,8.199999809265137,7.894999980926514,7.974999904632568,1070600.0,5.369568824768066
2003-08-25,8.199999809265137,8.329999923706055,8.199999809265137,8.25,901600.0,5.554725170135498
2003-08-22,8.024999618530273,8.194999694824219,8.0,8.140000343322754,1158000.0,5.480663776397705
2003-08-21,7.349999904632568,7.914999961853027,7.304999828338623,7.820000171661377,1858200.0,5.265206336975098
2003-08-20,7.074999809265137,7.485000133514404,7.0,7.385000228881836,1385600.0,4.972321033477783
2003-08-19,6.75,7.204999923706055,6.75,7.159999847412109,2478400.0,4.820828914642334
2003-08-18,6.599999904632568,6.710000038146973,6.425000190734863,6.5,1265800.0,4.376450538635254
2003-08-15,6.554999828338623,6.599999904632568,6.525000095367432,6.599999904632568,220000.0,4.443780422210693
2003-08-14,6.474999904632568,6.614999771118164,6.385000228881836,6.550000190734863,760400.0,4.410114765167236
2003-08-13,6.425000190734863,6.445000171661377,6.400000095367432,6.425000190734863,477600.0,4.325953483581543
2003-08-12,6.329999923706055,6.460000038146973,6.329999923706055,6.375,345400.0,4.2922892570495605
2003-08-11,6.364999771118164,6.474999904632568,6.260000228881836,6.329999923706055,432400.0,4.261988639831543
2003-08-08,6.590000152587891,6.639999866485596,6.360000133514404,6.360000133514404,761200.0,4.282188415527344
2003-08-07,6.550000190734863,6.65500020980835,6.454999923706055,6.570000171661377,433400.0,4.423581123352051
2003-08-06,6.625,6.625,6.40500020980835,6.550000190734863,751800.0,4.410114765167236
2003-08-05,6.849999904632568,6.849999904632568,6.659999847412109,6.699999809265137,435600.0,4.511110782623291
2003-08-04,6.75,6.875,6.565000057220459,6.875,346400.0,4.628939151763916
2003-08-01,6.804999828338623,6.815000057220459,6.65500020980835,6.764999866485596,429800.0,4.554875373840332
2003-07-31,7.074999809265137,7.074999809265137,6.75,6.800000190734863,458400.0,4.578441143035889
2003-07-30,7.074999809265137,7.135000228881836,6.974999904632568,7.074999809265137,401800.0,4.7635979652404785
2003-07-29,7.090000152587891,7.300000190734863,6.934999942779541,7.125,468800.0,4.797263145446777
2003-07-28,6.724999904632568,7.074999809265137,6.724999904632568,7.050000190734863,316400.0,4.746766567230225
2003-07-25,6.75,6.849999904632568,6.635000228881836,6.75,1214600.0,4.54477596282959
2003-07-24,6.679999828338623,6.835000038146973,6.679999828338623,6.724999904632568,791400.0,4.527942657470703
2003-07-23,6.809999942779541,6.809999942779541,6.630000114440918,6.630000114440918,384200.0,4.463980674743652
2003-07-22,6.625,6.860000133514404,6.625,6.860000133514404,195200.0,4.618838310241699
2003-07-21,6.775000095367432,6.775000095367432,6.599999904632568,6.599999904632568,284200.0,4.443780422210693
2003-07-18,6.75,6.960000038146973,6.644999980926514,6.775000095367432,472400.0,4.561607837677002
2003-07-17,6.625,6.75,6.489999771118164,6.75,1702400.0,4.54477596282959
2003-07-16,7.059999942779541,7.070000171661377,6.804999828338623,6.809999942779541,419600.0,4.5851731300354
2003-07-15,7.25,7.264999866485596,6.974999904632568,7.059999942779541,310400.0,4.7534990310668945
2003-07-14,7.150000095367432,7.329999923706055,7.150000095367432,7.199999809265137,554200.0,4.84775972366333
2003-07-11,7.135000228881836,7.199999809265137,6.965000152587891,7.025000095367432,795600.0,4.729933261871338
2003-07-10,7.349999904632568,7.380000114440918,7.150000095367432,7.150000095367432,508200.0,4.814094543457031
2003-07-09,7.315000057220459,7.425000190734863,7.195000171661377,7.425000190734863,647800.0,4.9992523193359375
2003-07-08,6.934999942779541,7.375,6.864999771118164,7.295000076293945,1899800.0,4.91172456741333
2003-07-07,6.699999809265137,6.900000095367432,6.699999809265137,6.885000228881836,525200.0,4.635671138763428
2003-07-03,6.75,6.75,6.625,6.650000095367432,174600.0,4.477445602416992
2003-07-02,6.599999904632568,6.920000076293945,6.570000171661377,6.800000190734863,994000.0,4.578441143035889
2003-07-01,6.525000095367432,6.605000019073486,6.375,6.59499979019165,681400.0,4.4404144287109375
2003-06-30,6.275000095367432,6.485000133514404,6.264999866485596,6.460000038146973,1952800.0,4.3495192527771
2003-06-27,6.46999979019165,6.510000228881836,6.264999866485596,6.275000095367432,1096400.0,4.2249579429626465
2003-06-26,6.550000190734863,6.559999942779541,6.369999885559082,6.46999979019165,804400.0,4.3562517166137695
2003-06-25,6.739999771118164,6.739999771118164,6.599999904632568,6.599999904632568,219000.0,4.443780422210693
2003-06-24,6.550000190734863,6.735000133514404,6.550000190734863,6.690000057220459,635400.0,4.504377841949463
2003-06-23,6.800000190734863,6.800000190734863,6.550000190734863,6.550000190734863,553800.0,4.410114765167236
2003-06-20,6.764999866485596,6.864999771118164,6.71999979019165,6.789999961853027,160800.0,4.571707248687744
2003-06-19,6.934999942779541,7.010000228881836,6.704999923706055,6.769999980926514,536200.0,4.558241844177246
2003-06-18,6.934999942779541,7.005000114440918,6.824999809265137,6.934999942779541,467800.0,4.669336318969727
2003-06-17,6.650000095367432,7.110000133514404,6.635000228881836,6.940000057220459,1789800.0,4.672702789306641
2003-06-16,6.380000114440918,6.625,6.380000114440918,6.59499979019165,824600.0,4.4404144287109375
2003-06-13,6.324999809265137,6.474999904632568,6.304999828338623,6.375,214200.0,4.2922892570495605
2003-06-12,6.425000190734863,6.514999866485596,6.349999904632568,6.355000019073486,565800.0,4.278822422027588
2003-06-11,6.400000095367432,6.425000190734863,6.349999904632568,6.375,246400.0,4.2922892570495605
2003-06-10,6.369999885559082,6.440000057220459,6.335000038146973,6.375,478400.0,4.2922892570495605
2003-06-09,6.449999809265137,6.494999885559082,6.304999828338623,6.375,413200.0,4.2922892570495605
2003-06-06,6.425000190734863,6.599999904632568,6.389999866485596,6.449999809265137,650800.0,4.3427863121032715
2003-06-05,6.300000190734863,6.449999809265137,6.269999980926514,6.425000190734863,553600.0,4.325953483581543
2003-06-04,6.349999904632568,6.400000095367432,6.25,6.300000190734863,619000.0,4.24179220199585
2003-06-03,6.400000095367432,6.400000095367432,6.230000019073486,6.309999942779541,806200.0,4.248523712158203
2003-06-02,6.275000095367432,6.519999980926514,6.275000095367432,6.320000171661377,1570000.0,4.255256652832031
2003-05-30,6.300000190734863,6.559999942779541,6.264999866485596,6.264999866485596,1451200.0,4.218225955963135
2003-05-29,6.324999809265137,6.375,6.199999809265137,6.235000133514404,891400.0,4.198028087615967
2003-05-28,6.300000190734863,6.34499979019165,6.114999771118164,6.235000133514404,1260800.0,4.198028087615967
2003-05-27,5.889999866485596,6.090000152587891,5.875,6.025000095367432,1644600.0,4.056634426116943
2003-05-23,5.800000190734863,5.949999809265137,5.775000095367432,5.875,905000.0,3.9556386470794678
2003-05-22,6.25,6.25,5.675000190734863,5.775000095367432,3150800.0,3.8883073329925537
2003-05-21,6.045000076293945,6.239999771118164,5.985000133514404,6.175000190734863,965400.0,4.157628536224365
2003-05-20,6.239999771118164,6.349999904632568,5.880000114440918,6.039999961853027,1426400.0,4.066732406616211
2003-05-19,6.449999809265137,6.474999904632568,6.175000190734863,6.215000152587891,425800.0,4.184560298919678
2003-05-16,6.425000190734863,6.550000190734863,6.400000095367432,6.5,864200.0,4.376450538635254
2003-05-15,6.724999904632568,6.755000114440918,6.480000019073486,6.494999885559082,527400.0,4.37308406829834
2003-05-14,6.599999904632568,6.835000038146973,6.599999904632568,6.675000190734863,812000.0,4.494278907775879
2003-05-13,6.5,6.695000171661377,6.460000038146973,6.514999866485596,1458000.0,4.386551380157471
2003-05-12,6.599999904632568,6.940000057220459,6.5,6.855000019073486,747600.0,4.615471839904785
2003-05-09,6.514999866485596,6.670000076293945,6.505000114440918,6.644999980926514,697400.0,4.47407865524292
2003-05-08,6.590000152587891,6.614999771118164,6.425000190734863,6.525000095367432,886200.0,4.393283843994141
2003-05-07,6.050000190734863,6.644999980926514,6.025000095367432,6.639999866485596,1962800.0,4.470711708068848
2003-05-06,5.994999885559082,6.199999809265137,5.869999885559082,5.869999885559082,626200.0,3.9522719383239746
2003-05-05,5.650000095367432,5.994999885559082,5.650000095367432,5.985000133514404,1298600.0,4.029701232910156
2003-05-02,5.900000095367432,5.945000171661377,5.625,5.630000114440918,965400.0,3.7906792163848877
2003-05-01,5.974999904632568,5.989999771118164,5.539999961853027,5.699999809265137,1595800.0,3.8378100395202637
2003-04-30,6.085000038146973,6.130000114440918,5.925000190734863,5.974999904632568,1143200.0,4.022968292236328
2003-04-29,6.224999904632568,6.400000095367432,6.224999904632568,6.340000152587891,351000.0,4.268723011016846
2003-04-28,6.090000152587891,6.255000114440918,6.090000152587891,6.139999866485596,318800.0,4.134061813354492
2003-04-25,6.275000095367432,6.284999847412109,6.019999980926514,6.039999961853027,244800.0,4.066732406616211
2003-04-24,6.449999809265137,6.485000133514404,6.025000095367432,6.199999809265137,706600.0,4.1744608879089355
2003-04-23,6.400000095367432,6.559999942779541,6.360000133514404,6.5,185600.0,4.376450538635254
2003-04-22,6.304999828338623,6.505000114440918,6.164999961853027,6.349999904632568,382000.0,4.275454998016357
2003-04-21,6.199999809265137,6.320000171661377,6.184999942779541,6.300000190734863,153600.0,4.24179220199585
2003-04-17,6.275000095367432,6.34499979019165,6.190000057220459,6.190000057220459,306400.0,4.167727470397949
2003-04-16,6.284999847412109,6.449999809265137,6.284999847412109,6.315000057220459,615200.0,4.251889705657959
2003-04-15,6.324999809265137,6.375,6.260000228881836,6.275000095367432,176800.0,4.2249579429626465
2003-04-14,6.309999942779541,6.409999847412109,6.204999923706055,6.375,218600.0,4.2922892570495605
2003-04-11,6.349999904632568,6.440000057220459,6.204999923706055,6.210000038146973,417400.0,4.1811933517456055
2003-04-10,6.199999809265137,6.300000190734863,6.0,6.164999961853027,213000.0,4.150895118713379
2003-04-09,6.349999904632568,6.46999979019165,6.224999904632568,6.28000020980835,288400.0,4.228324890136719
2003-04-08,6.474999904632568,6.635000228881836,6.309999942779541,6.400000095367432,677800.0,4.3091206550598145
2003-04-07,6.474999904632568,6.679999828338623,6.440000057220459,6.474999904632568,1425600.0,4.359619140625
2003-04-04,6.070000171661377,6.440000057220459,5.989999771118164,6.440000057220459,529600.0,4.336051940917969
2003-04-03,6.09499979019165,6.170000076293945,5.989999771118164,5.989999771118164,313600.0,4.0330681800842285
2003-04-02,6.085000038146973,6.199999809265137,6.085000038146973,6.090000152587891,526200.0,4.10039758682251
2003-04-01,6.005000114440918,6.090000152587891,5.925000190734863,6.005000114440918,400200.0,4.043168544769287
2003-03-31,6.0,6.099999904632568,5.840000152587891,6.0,684600.0,4.039801120758057
2003-03-28,6.0,6.164999961853027,5.849999904632568,6.019999980926514,384800.0,4.0532660484313965
2003-03-27,5.949999809265137,6.074999809265137,5.875,6.0,393200.0,4.039801120758057
2003-03-26,5.925000190734863,6.034999847412109,5.880000114440918,6.0,968000.0,4.039801120758057
2003-03-25,5.875,6.0,5.795000076293945,5.949999809265137,584600.0,4.0061354637146
2003-03-24,6.0,6.014999866485596,5.824999809265137,5.885000228881836,327800.0,3.962371587753296
2003-03-21,5.925000190734863,6.150000095367432,5.925000190734863,6.059999942779541,658400.0,4.080199241638184
2003-03-20,5.625,5.929999828338623,5.5,5.900000095367432,1394800.0,3.972471237182617
2003-03-19,6.074999809265137,6.195000171661377,6.0,6.065000057220459,622800.0,4.083565711975098
2003-03-18,6.144999980926514,6.25,6.045000076293945,6.050000190734863,402600.0,4.073465824127197
2003-03-17,6.0,6.164999961853027,5.940000057220459,6.074999809265137,640000.0,4.090298175811768
2003-03-14,6.0,6.170000076293945,6.0,6.050000190734863,1939400.0,4.073465824127197
2003-03-13,5.599999904632568,5.925000190734863,5.554999828338623,5.769999980926514,1338800.0,3.884941339492798
2003-03-12,5.369999885559082,5.585000038146973,5.335000038146973,5.5,539800.0,3.703150987625122
2003-03-11,5.349999904632568,5.449999809265137,5.300000190734863,5.360000133514404,217800.0,3.608888864517212
2003-03-10,5.460000038146973,5.46999979019165,5.300000190734863,5.300000190734863,369600.0,3.5684916973114014
2003-03-07,5.40500020980835,5.53000020980835,5.324999809265137,5.460000038146973,681800.0,3.676218271255493
2003-03-06,5.25,5.489999771118164,5.170000076293945,5.400000095367432,398400.0,3.635821580886841
2003-03-05,5.179999828338623,5.275000095367432,5.125,5.25,760200.0,3.5348260402679443
2003-03-04,5.400000095367432,5.400000095367432,5.175000190734863,5.199999809265137,413800.0,3.5011606216430664
2003-03-03,5.275000095367432,5.445000171661377,5.275000095367432,5.389999866485596,496000.0,3.629087448120117
2003-02-28,5.150000095367432,5.289999961853027,5.099999904632568,5.25,632200.0,3.5348260402679443
2003-02-27,5.0,5.389999866485596,4.974999904632568,5.130000114440918,759400.0,3.4540297985076904
2003-02-26,5.125,5.255000114440918,5.074999809265137,5.079999923706055,225400.0,3.4203648567199707
2003-02-25,5.0,5.199999809265137,4.900000095367432,5.15500020980835,619800.0,3.4708621501922607
2003-02-24,5.235000133514404,5.375,5.019999980926514,5.175000190734863,512200.0,3.484327793121338
2003-02-21,5.139999866485596,5.324999809265137,5.125,5.300000190734863,1054400.0,3.5684916973114014
2003-02-20,5.199999809265137,5.224999904632568,5.085000038146973,5.09499979019165,673800.0,3.430464506149292
2003-02-19,5.125,5.264999866485596,5.0,5.199999809265137,1145400.0,3.5011606216430664
2003-02-18,4.5,5.125,4.465000152587891,5.099999904632568,3545800.0,3.4338300228118896
2003-02-14,3.9749999046325684,4.125,3.940000057220459,4.114999771118164,482200.0,2.770630121231079
2003-02-13,4.019999980926514,4.090000152587891,3.859999895095825,3.9600000381469727,804200.0,2.6662683486938477
2003-02-12,3.825000047683716,4.074999809265137,3.825000047683716,4.0,529000.0,2.6932003498077393
2003-02-11,3.9100000858306885,3.994999885559082,3.75,3.7950000762939453,1314000.0,2.5551743507385254
2003-02-10,3.9100000858306885,4.0,3.825000047683716,3.859999895095825,833800.0,2.5989387035369873
2003-02-07,4.019999980926514,4.09499979019165,3.950000047683716,3.9600000381469727,600800.0,2.6662683486938477
2003-02-06,4.125,4.199999809265137,3.9100000858306885,4.0,902400.0,2.6932003498077393
2003-02-05,4.25,4.309999942779541,4.09499979019165,4.125,921400.0,2.777362585067749
2003-02-04,4.099999904632568,4.324999809265137,4.079999923706055,4.244999885559082,622400.0,2.858159065246582
2003-02-03,4.300000190734863,4.40500020980835,4.099999904632568,4.130000114440918,537400.0,2.7807295322418213
2003-01-31,4.434999942779541,4.465000152587891,4.25,4.25,552000.0,2.861525297164917
2003-01-30,4.550000190734863,4.590000152587891,4.25,4.434999942779541,985200.0,2.9860856533050537
2003-01-29,4.494999885559082,4.545000076293945,4.409999847412109,4.5,890200.0,3.0298502445220947
2003-01-28,4.550000190734863,4.625,4.449999809265137,4.494999885559082,1446800.0,3.0264840126037598
2003-01-27,4.659999847412109,4.724999904632568,4.5,4.5,899200.0,3.0298502445220947
2003-01-24,4.75,4.795000076293945,4.534999847412109,4.704999923706055,1419000.0,3.167876958847046
2003-01-23,4.940000057220459,4.949999809265137,4.675000190734863,4.875,632800.0,3.282338857650757
2003-01-22,4.775000095367432,4.949999809265137,4.670000076293945,4.949999809265137,567200.0,3.332836389541626
2003-01-21,4.724999904632568,4.835000038146973,4.574999809265137,4.824999809265137,967400.0,3.2486732006073
2003-01-17,4.724999904632568,4.824999809265137,4.635000228881836,4.775000095367432,685400.0,3.21500825881958
2003-01-16,4.820000171661377,4.885000228881836,4.724999904632568,4.775000095367432,665000.0,3.21500825881958
2003-01-15,4.945000171661377,4.945000171661377,4.364999771118164,4.769999980926514,2437400.0,3.211641311645508
2003-01-14,5.260000228881836,5.260000228881836,4.900000095367432,4.949999809265137,1348600.0,3.332836389541626
2003-01-13,5.300000190734863,5.355000019073486,5.199999809265137,5.275000095367432,407200.0,3.551658868789673
2003-01-10,5.300000190734863,5.324999809265137,5.105000019073486,5.190000057220459,726600.0,3.4944279193878174
2003-01-09,5.235000133514404,5.440000057220459,5.235000133514404,5.300000190734863,2560200.0,3.5684916973114014
2003-01-08,5.375,5.375,4.985000133514404,5.074999809265137,822200.0,3.4169986248016357
2003-01-07,5.099999904632568,5.164999961853027,5.0,5.050000190734863,876000.0,3.400165557861328
2003-01-06,5.150000095367432,5.150000095367432,4.875,4.940000057220459,703800.0,3.326101779937744
2003-01-03,4.875,4.985000133514404,4.829999923706055,4.934999942779541,473600.0,3.3227362632751465
2003-01-02,4.900000095367432,4.974999904632568,4.789999961853027,4.860000133514404,703800.0,3.2722387313842773
2002-12-31,4.864999771118164,4.925000190734863,4.625,4.900000095367432,720400.0,3.299170732498169
2002-12-30,4.625,4.869999885559082,4.59499979019165,4.864999771118164,630600.0,3.275604724884033
2002-12-27,4.599999904632568,4.690000057220459,4.539999961853027,4.675000190734863,1029000.0,3.1476781368255615
2002-12-26,4.625,4.699999809265137,4.579999923706055,4.599999904632568,650600.0,3.0971803665161133
2002-12-24,4.550000190734863,4.599999904632568,4.460000038146973,4.574999809265137,1052000.0,3.080347776412964
2002-12-23,4.71999979019165,4.795000076293945,4.625,4.699999809265137,2560800.0,3.1645100116729736
2002-12-20,4.75,4.824999809265137,4.565000057220459,4.735000133514404,5877200.0,3.1880762577056885
2002-12-19,4.965000152587891,5.25,4.510000228881836,4.659999847412109,9740800.0,3.1375784873962402
2002-12-18,6.75,6.849999904632568,6.340000152587891,6.659999847412109,3813400.0,4.48417854309082
2002-12-17,8.100000381469727,8.119999885559082,7.275000095367432,7.449999809265137,1640400.0,5.016086101531982
2002-12-16,8.0,8.145000457763672,7.949999809265137,8.0,752800.0,5.3864006996154785
2002-12-13,8.850000381469727,8.850000381469727,7.900000095367432,7.900000095367432,1290800.0,5.319071292877197
2002-12-12,8.604999542236328,9.050000190734863,8.574999809265137,9.050000190734863,399600.0,6.0933661460876465
2002-12-11,9.100000381469727,9.180000305175781,8.574999809265137,8.604999542236328,747200.0,5.793747901916504
2002-12-10,9.175000190734863,9.300000190734863,9.020000457763672,9.0600004196167,572400.0,6.100100040435791
2002-12-09,9.300000190734863,9.359999656677246,8.975000381469727,9.074999809265137,351800.0,6.110199451446533
2002-12-06,9.574999809265137,9.649999618530273,9.375,9.609999656677246,281800.0,6.470414638519287
2002-12-05,9.425000190734863,9.864999771118164,9.399999618530273,9.625,615800.0,6.480513095855713
2002-12-04,9.475000381469727,9.625,9.399999618530273,9.399999618530273,386800.0,6.329020023345947
2002-12-03,9.375,9.664999961853027,9.130000114440918,9.529999732971191,417600.0,6.4165496826171875
2002-12-02,9.5,9.875,9.375,9.449999809265137,932000.0,6.362686634063721
2002-11-29,9.574999809265137,9.574999809265137,9.300000190734863,9.300000190734863,115400.0,6.261691093444824
2002-11-27,9.300000190734863,9.4350004196167,9.239999771118164,9.335000038146973,354600.0,6.285257816314697
2002-11-26,9.28499984741211,9.414999961853027,9.029999732971191,9.25,445600.0,6.228026866912842
2002-11-25,9.350000381469727,9.475000381469727,9.25,9.279999732971191,425600.0,6.248224258422852
2002-11-22,9.720000267028809,9.720000267028809,9.149999618530273,9.25,954200.0,6.228026866912842
2002-11-21,9.699999809265137,9.850000381469727,9.375,9.720000267028809,728800.0,6.544477462768555
2002-11-20,9.550000190734863,9.774999618530273,9.274999618530273,9.625,538600.0,6.480513095855713
2002-11-19,9.524999618530273,9.550000190734863,8.800000190734863,9.550000190734863,2350000.0,6.43001651763916
2002-11-18,10.449999809265137,10.475000381469727,9.899999618530273,10.119999885559082,1030000.0,6.813798427581787
2002-11-15,9.550000190734863,10.199999809265137,9.550000190734863,10.085000038146973,626800.0,6.790231227874756
2002-11-14,9.550000190734863,9.765000343322754,9.375,9.5,438800.0,6.396350383758545
2002-11-13,9.199999809265137,9.579999923706055,9.010000228881836,9.5,941600.0,6.396350383758545
2002-11-12,8.725000381469727,9.510000228881836,8.720000267028809,9.199999809265137,633000.0,6.194360733032227
2002-11-11,8.550000190734863,8.739999771118164,8.449999809265137,8.699999809265137,270400.0,5.857711315155029
2002-11-08,9.234999656677246,9.234999656677246,8.515000343322754,8.515000343322754,566600.0,5.733151435852051
2002-11-07,9.225000381469727,9.380000114440918,9.125,9.234999656677246,208600.0,6.217926025390625
2002-11-06,9.385000228881836,9.489999771118164,9.25,9.300000190734863,227600.0,6.261691093444824
2002-11-05,9.045000076293945,9.375,8.954999923706055,9.375,556200.0,6.312188148498535
2002-11-04,8.9399995803833,9.175000190734863,8.9399995803833,9.039999961853027,334200.0,6.086633205413818
2002-11-01,8.949999809265137,8.949999809265137,8.59000015258789,8.8149995803833,685600.0,5.935139179229736
2002-10-31,9.074999809265137,9.074999809265137,8.899999618530273,8.949999809265137,411000.0,6.026036262512207
2002-10-30,9.149999618530273,9.274999618530273,8.979999542236328,9.0,1231600.0,6.0597004890441895
2002-10-29,9.279999732971191,9.279999732971191,8.90999984741211,9.0,1217800.0,6.0597004890441895
2002-10-28,10.25,10.25,9.260000228881836,9.274999618530273,1180600.0,6.244858264923096
2002-10-25,10.149999618530273,10.5,10.119999885559082,10.175000190734863,608800.0,6.850827693939209
2002-10-24,10.050000190734863,10.239999771118164,10.050000190734863,10.199999809265137,325200.0,6.867660045623779
2002-10-23,9.569999694824219,10.020000457763672,9.569999694824219,9.970000267028809,296200.0,6.712803840637207
2002-10-22,9.100000381469727,9.899999618530273,9.100000381469727,9.585000038146973,1796800.0,6.453580379486084
2002-10-21,10.180000305175781,10.494999885559082,10.050000190734863,10.425000190734863,404200.0,7.019155979156494
2002-10-18,9.890000343322754,10.444999694824219,9.880000114440918,10.175000190734863,356800.0,6.850827693939209
2002-10-17,9.850000381469727,10.329999923706055,9.739999771118164,9.890000343322754,322200.0,6.658937931060791
2002-10-16,9.755000114440918,9.850000381469727,9.579999923706055,9.75,284600.0,6.564677715301514
2002-10-15,9.75,9.925000190734863,9.585000038146973,9.795000076293945,460200.0,6.594973087310791
2002-10-14,9.234999656677246,9.425000190734863,9.175000190734863,9.369999885559082,168400.0,6.308822154998779
2002-10-11,9.204999923706055,9.375,9.199999809265137,9.28499984741211,457000.0,6.251590728759766
2002-10-10,8.75,9.364999771118164,8.635000228881836,9.154999732971191,513200.0,6.164063453674316
2002-10-09,9.399999618530273,9.449999809265137,8.734999656677246,8.734999656677246,370600.0,5.881276607513428
2002-10-08,9.399999618530273,9.640000343322754,9.385000228881836,9.449999809265137,313800.0,6.362686634063721
2002-10-07,9.550000190734863,9.600000381469727,9.300000190734863,9.300000190734863,355200.0,6.261691093444824
2002-10-04,9.645000457763672,9.824999809265137,9.25,9.654999732971191,515200.0,6.500713348388672
2002-10-03,9.9399995803833,9.9399995803833,9.574999809265137,9.574999809265137,303000.0,6.446849346160889
2002-10-02,9.925000190734863,9.994999885559082,9.649999618530273,9.899999618530273,390000.0,6.665672779083252
2002-10-01,10.225000381469727,10.225000381469727,9.505000114440918,10.0,852800.0,6.73300313949585
2002-09-30,10.640000343322754,10.699999809265137,9.725000381469727,10.225000381469727,572600.0,6.884494781494141
2002-09-27,10.324999809265137,11.074999809265137,10.324999809265137,10.640000343322754,734600.0,7.163915157318115
2002-09-26,9.899999618530273,10.324999809265137,9.875,10.324999809265137,338400.0,6.951824188232422
2002-09-25,9.729999542236328,9.885000228881836,9.725000381469727,9.824999809265137,210000.0,6.615173816680908
2002-09-24,9.930000305175781,9.9350004196167,9.324999809265137,9.710000038146973,274800.0,6.537744045257568
2002-09-23,10.029999732971191,10.045000076293945,9.9399995803833,9.949999809265137,398800.0,6.69933557510376
2002-09-20,10.4350004196167,10.4350004196167,9.899999618530273,10.024999618530273,184400.0,6.7498345375061035
2002-09-19,10.100000381469727,10.375,10.0,10.140000343322754,769600.0,6.827264785766602
2002-09-18,10.149999618530273,10.194999694824219,9.925000190734863,10.050000190734863,102000.0,6.766665935516357
2002-09-17,10.229999542236328,10.430000305175781,9.930000305175781,10.210000038146973,97200.0,6.874392986297607
2002-09-16,9.805000305175781,10.119999885559082,9.800000190734863,10.104999542236328,121200.0,6.80369758605957
2002-09-13,10.100000381469727,10.100000381469727,9.800000190734863,9.800000190734863,72000.0,6.598341464996338
2002-09-12,10.524999618530273,10.539999961853027,10.199999809265137,10.199999809265137,293000.0,6.867660045623779
2002-09-11,10.300000190734863,10.444999694824219,10.300000190734863,10.399999618530273,149800.0,7.002321243286133
2002-09-10,10.0600004196167,10.244999885559082,9.920000076293945,10.199999809265137,354200.0,6.867660045623779
2002-09-09,9.824999809265137,10.024999618530273,9.300000190734863,10.024999618530273,425000.0,6.7498345375061035
2002-09-06,9.625,9.899999618530273,9.625,9.805000305175781,334800.0,6.601708889007568
2002-09-05,9.25,9.75,9.21500015258789,9.59000015258789,323200.0,6.456948757171631
2002-09-04,10.100000381469727,10.289999961853027,9.300000190734863,9.300000190734863,577200.0,6.261691093444824
2002-09-03,10.399999618530273,10.399999618530273,9.774999618530273,10.0,271400.0,6.73300313949585
2002-08-30,10.800000190734863,10.994999885559082,10.399999618530273,10.399999618530273,194600.0,7.002321243286133
2002-08-29,10.40999984741211,10.720000267028809,10.234999656677246,10.71500015258789,347000.0,7.214409828186035
2002-08-28,10.274999618530273,10.625,10.180000305175781,10.449999809265137,615400.0,7.03598690032959
2002-08-27,10.350000381469727,10.520000457763672,10.225000381469727,10.305000305175781,466200.0,6.938357830047607
2002-08-26,9.880000114440918,10.375,9.864999771118164,10.329999923706055,517400.0,6.9551897048950195
2002-08-23,10.25,10.255000114440918,9.875,9.875,333400.0,6.648838043212891
2002-08-22,10.600000381469727,10.75,10.199999809265137,10.25,758800.0,6.901326656341553
2002-08-21,10.475000381469727,10.75,10.260000228881836,10.725000381469727,498600.0,7.2211432456970215
2002-08-20,10.350000381469727,10.75,10.100000381469727,10.460000038146973,1358200.0,7.042716979980469
2002-08-19,9.46500015258789,10.21500015258789,9.350000381469727,9.975000381469727,430600.0,6.71616792678833
2002-08-16,9.050000190734863,9.899999618530273,9.050000190734863,9.46500015258789,430800.0,6.372786045074463
2002-08-15,9.0,9.375,9.0,9.050000190734863,851800.0,6.0933661460876465
2002-08-14,8.175000190734863,8.899999618530273,8.175000190734863,8.649999618530273,806200.0,5.824045181274414
2002-08-13,8.25,8.604999542236328,8.130000114440918,8.175000190734863,440200.0,5.504228115081787
2002-08-12,7.619999885559082,8.125,7.599999904632568,8.125,231600.0,5.470564365386963
2002-08-09,7.449999809265137,7.800000190734863,7.449999809265137,7.625,236600.0,5.133913516998291
2002-08-08,7.900000095367432,7.925000190734863,6.925000190734863,7.449999809265137,1234400.0,5.016086101531982
2002-08-07,7.909999847412109,8.0,7.724999904632568,7.945000171661377,390200.0,5.349370002746582
2002-08-06,7.75,7.945000171661377,7.75,7.894999980926514,422200.0,5.315703392028809
2002-08-05,7.550000190734863,7.840000152587891,7.550000190734863,7.675000190734863,175600.0,5.16757869720459
2002-08-02,8.274999618530273,8.274999618530273,7.425000190734863,7.550000190734863,274800.0,5.083415985107422
2002-08-01,8.699999809265137,8.699999809265137,8.104999542236328,8.345000267028809,252800.0,5.61868953704834
2002-07-31,8.875,8.880000114440918,8.614999771118164,8.75,194400.0,5.8913750648498535
2002-07-30,9.149999618530273,9.199999809265137,8.824999809265137,8.975000381469727,179200.0,6.042868137359619
2002-07-29,8.779999732971191,9.175000190734863,8.779999732971191,9.149999618530273,234000.0,6.160695552825928
2002-07-26,8.494999885559082,8.850000381469727,8.494999885559082,8.770000457763672,167200.0,5.904842376708984
2002-07-25,8.800000190734863,8.800000190734863,8.300000190734863,8.489999771118164,140200.0,5.716318130493164
2002-07-24,7.900000095367432,8.8100004196167,7.494999885559082,8.795000076293945,446200.0,5.921674728393555
2002-07-23,7.949999809265137,8.199999809265137,7.625,8.0,634000.0,5.3864006996154785
2002-07-22,7.860000133514404,8.234999656677246,7.800000190734863,7.900000095367432,249800.0,5.319071292877197
2002-07-19,7.974999904632568,8.005000114440918,7.824999809265137,7.889999866485596,338400.0,5.312337875366211
2002-07-18,8.045000076293945,8.199999809265137,7.980000019073486,8.020000457763672,315400.0,5.399867057800293
2002-07-17,8.119999885559082,8.324999809265137,7.150000095367432,8.045000076293945,1599600.0,5.4166998863220215
2002-07-16,8.225000381469727,8.4350004196167,8.045000076293945,8.095000267028809,311600.0,5.4503655433654785
2002-07-15,8.835000038146973,8.835000038146973,7.900000095367432,8.350000381469727,325000.0,5.62205696105957
2002-07-12,9.21500015258789,9.21500015258789,8.78499984741211,8.845000267028809,263200.0,5.955338478088379
2002-07-11,9.524999618530273,9.545000076293945,8.875,9.21500015258789,610800.0,6.204460620880127
2002-07-10,9.75,10.050000190734863,9.475000381469727,9.600000381469727,536000.0,6.463680744171143
2002-07-09,9.850000381469727,10.21500015258789,9.619999885559082,9.75,540600.0,6.564677715301514
2002-07-08,9.550000190734863,10.175000190734863,9.484999656677246,9.904999732971191,358400.0,6.669037818908691
2002-07-05,9.300000190734863,9.729999542236328,9.300000190734863,9.505000114440918,113800.0,6.399716377258301
2002-07-03,9.350000381469727,9.550000190734863,8.625,9.25,556600.0,6.228026866912842
2002-07-02,9.864999771118164,9.864999771118164,8.9350004196167,9.380000114440918,409400.0,6.315556049346924
2002-07-01,10.449999809265137,10.494999885559082,9.824999809265137,9.869999885559082,272000.0,6.645472526550293
2002-06-28,9.975000381469727,10.65999984741211,9.914999961853027,10.494999885559082,870000.0,7.066286563873291
2002-06-27,9.550000190734863,10.0,9.454999923706055,10.0,408000.0,6.73300313949585
2002-06-26,9.875,9.875,9.180000305175781,9.475000381469727,720600.0,6.379518985748291
2002-06-25,10.260000228881836,10.395000457763672,9.989999771118164,9.989999771118164,207400.0,6.7262678146362305
2002-06-24,10.5,10.5,9.949999809265137,10.260000228881836,273200.0,6.908059597015381
2002-06-21,10.875,10.875,10.449999809265137,10.5,254000.0,7.069652080535889
2002-06-20,11.430000305175781,11.430000305175781,10.895000457763672,10.949999809265137,127400.0,7.372635841369629
2002-06-19,11.25,11.574999809265137,11.25,11.5,226400.0,7.742951393127441
2002-06-18,11.510000228881836,11.574999809265137,11.149999618530273,11.260000228881836,65000.0,7.581358432769775
2002-06-17,11.300000190734863,11.725000381469727,11.300000190734863,11.510000228881836,234200.0,7.749685764312744
2002-06-14,11.470000267028809,11.470000267028809,10.675000190734863,11.255000114440918,179600.0,7.577993869781494
2002-06-13,11.199999809265137,11.550000190734863,11.050000190734863,11.479999542236328,324400.0,7.729485034942627
2002-06-12,11.255000114440918,11.260000228881836,10.90999984741211,11.199999809265137,133000.0,7.540961265563965
2002-06-11,11.3100004196167,11.375,11.260000228881836,11.375,80800.0,7.658790111541748
2002-06-10,11.475000381469727,11.649999618530273,11.149999618530273,11.25,213600.0,7.5746259689331055
2002-06-07,11.5,11.619999885559082,11.279999732971191,11.475000381469727,438000.0,7.726121425628662
2002-06-06,11.625,11.824999809265137,11.595000267028809,11.625,350800.0,7.827113628387451
2002-06-05,11.75,11.84000015258789,11.555000305175781,11.625,438000.0,7.827113628387451
2002-06-04,11.604999542236328,11.949999809265137,11.449999809265137,11.71500015258789,483400.0,7.887709617614746
2002-06-03,12.095000267028809,12.095000267028809,11.569999694824219,11.625,454400.0,7.827113628387451
2002-05-31,11.630000114440918,12.149999618530273,11.630000114440918,12.095000267028809,677000.0,8.143564224243164
2002-05-30,11.800000190734863,11.800000190734863,11.574999809265137,11.630000114440918,985400.0,7.830482482910156
2002-05-29,12.104999542236328,12.104999542236328,11.75,11.800000190734863,1182000.0,7.944942474365234
2002-05-28,11.774999618530273,12.145000457763672,11.649999618530273,12.104999542236328,520600.0,8.150297164916992
2002-05-24,11.170000076293945,11.850000381469727,11.170000076293945,11.729999542236328,553000.0,7.897810459136963
2002-05-23,10.625,11.350000381469727,10.625,11.204999923706055,539400.0,7.544325828552246
2002-05-22,10.229999542236328,10.75,10.149999618530273,10.625,461800.0,7.153813362121582
2002-05-21,11.300000190734863,11.324999809265137,10.225000381469727,10.25,968000.0,6.901326656341553
2002-05-20,10.614999771118164,10.75,10.550000190734863,10.6899995803833,584000.0,7.1975789070129395
2002-05-17,10.375,10.75,10.375,10.614999771118164,1087800.0,7.147078990936279
2002-05-16,9.925000190734863,10.350000381469727,9.925000190734863,10.300000190734863,1321600.0,6.934991836547852
2002-05-15,10.350000381469727,10.5,9.925000190734863,9.925000190734863,1457400.0,6.682504177093506
2002-05-14,11.0,11.199999809265137,10.399999618530273,10.399999618530273,989600.0,7.002321243286133
2002-05-13,11.03499984741211,11.03499984741211,10.425000190734863,10.75,482400.0,7.237976551055908
2002-05-10,11.5,11.71500015258789,11.0,11.029999732971191,174000.0,7.426499366760254
2002-05-09,11.25,11.600000381469727,11.25,11.425000190734863,211800.0,7.6924543380737305
2002-05-08,10.850000381469727,11.25,10.850000381469727,11.199999809265137,164600.0,7.540961265563965
2002-05-07,10.824999809265137,11.0,10.725000381469727,10.75,113200.0,7.237976551055908
2002-05-06,10.395000457763672,11.295000076293945,10.395000457763672,10.875,536600.0,7.322137832641602
2002-05-03,10.399999618530273,10.404999732971191,10.279999732971191,10.399999618530273,115800.0,7.002321243286133
2002-05-02,10.199999809265137,10.494999885559082,10.199999809265137,10.414999961853027,829000.0,7.012420177459717
2002-05-01,9.649999618530273,10.25,9.649999618530273,10.25,418000.0,6.901326656341553
2002-04-30,9.375,9.649999618530273,9.350000381469727,9.524999618530273,1723600.0,6.413183689117432
2002-04-29,9.574999809265137,9.574999809265137,9.399999618530273,9.449999809265137,640600.0,6.362686634063721
2002-04-26,9.649999618530273,9.789999961853027,9.625,9.625,413400.0,6.480513095855713
2002-04-25,9.704999923706055,9.704999923706055,9.585000038146973,9.699999809265137,431800.0,6.53101110458374
2002-04-24,9.760000228881836,9.805000305175781,9.699999809265137,9.704999923706055,266200.0,6.534379959106445
2002-04-23,9.975000381469727,10.125,9.75,9.774999618530273,206200.0,6.581507682800293
2002-04-22,10.074999809265137,10.074999809265137,9.904999732971191,10.0,193200.0,6.73300313949585
2002-04-19,9.904999732971191,10.175000190734863,9.904999732971191,10.135000228881836,161600.0,6.823897838592529
2002-04-18,9.904999732971191,10.074999809265137,9.869999885559082,9.904999732971191,246200.0,6.669037818908691
2002-04-17,9.625,10.125,9.625,9.904999732971191,837200.0,6.669037818908691
2002-04-16,9.375,9.600000381469727,9.375,9.5,306400.0,6.396350383758545
2002-04-15,9.100000381469727,9.28499984741211,9.095000267028809,9.279999732971191,389800.0,6.248224258422852
2002-04-12,9.324999809265137,9.324999809265137,9.029999732971191,9.125,309000.0,6.143863677978516
2002-04-11,9.454999923706055,9.454999923706055,9.25,9.25,361000.0,6.228026866912842
2002-04-10,9.449999809265137,9.524999618530273,9.375,9.460000038146973,325600.0,6.369418621063232
2002-04-09,9.100000381469727,9.600000381469727,9.100000381469727,9.475000381469727,890600.0,6.379518985748291
2002-04-08,9.300000190734863,9.300000190734863,8.885000228881836,9.149999618530273,389600.0,6.160695552825928
2002-04-05,9.475000381469727,9.699999809265137,9.244999885559082,9.244999885559082,209400.0,6.2246599197387695
2002-04-04,9.274999618530273,9.524999618530273,9.274999618530273,9.475000381469727,190800.0,6.379518985748291
2002-04-03,9.324999809265137,9.399999618530273,9.220000267028809,9.300000190734863,141800.0,6.261691093444824
2002-04-02,9.5,9.5,9.175000190734863,9.319999694824219,524600.0,6.2751569747924805
2002-04-01,10.024999618530273,10.024999618530273,9.5,9.524999618530273,470000.0,6.413183689117432
2002-03-28,10.25,10.300000190734863,10.050000190734863,10.100000381469727,428600.0,6.800331115722656
2002-03-27,9.989999771118164,10.5,9.949999809265137,10.300000190734863,342400.0,6.934991836547852
2002-03-26,10.0,10.050000190734863,9.890000343322754,9.989999771118164,454200.0,6.7262678146362305
2002-03-25,9.75,9.904999732971191,9.59000015258789,9.859999656677246,1892800.0,6.638738632202148
2002-03-22,9.375,9.795000076293945,9.255000114440918,9.649999618530273,623600.0,6.4973464012146
2002-03-21,9.010000228881836,9.625,9.010000228881836,9.375,1106800.0,6.312188148498535
2002-03-20,9.274999618530273,9.274999618530273,8.5,9.010000228881836,2309000.0,6.066433906555176
2002-03-19,9.725000381469727,9.75,9.300000190734863,9.350000381469727,807400.0,6.295356273651123
2002-03-18,10.199999809265137,10.199999809265137,9.524999618530273,9.649999618530273,551800.0,6.4973464012146
2002-03-15,10.5,10.550000190734863,9.949999809265137,10.175000190734863,427000.0,6.850827693939209
2002-03-14,10.510000228881836,10.600000381469727,10.420000076293945,10.5,424200.0,7.069652080535889
2002-03-13,10.600000381469727,10.75,10.324999809265137,10.510000228881836,1265800.0,7.076383590698242
2002-03-12,10.5,10.949999809265137,10.5,10.600000381469727,1454800.0,7.136983394622803
2002-03-11,10.399999618530273,10.699999809265137,10.375,10.585000038146973,1365600.0,7.126882076263428
2002-03-08,10.149999618530273,10.5,10.149999618530273,10.449999809265137,400200.0,7.03598690032959
2002-03-07,9.675000190734863,10.300000190734863,9.675000190734863,10.210000038146973,675200.0,6.874392986297607
2002-03-06,9.619999885559082,9.71500015258789,9.600000381469727,9.675000190734863,329200.0,6.514178276062012
2002-03-05,9.800000190734863,9.824999809265137,9.579999923706055,9.625,861200.0,6.480513095855713
2002-03-04,9.725000381469727,9.904999732971191,9.710000038146973,9.850000381469727,795200.0,6.63200569152832
2002-03-01,9.524999618530273,9.774999618530273,9.489999771118164,9.6850004196167,478400.0,6.520912170410156
2002-02-28,9.600000381469727,9.725000381469727,9.550000190734863,9.550000190734863,687800.0,6.43001651763916
2002-02-27,9.675000190734863,9.680000305175781,9.5,9.574999809265137,1022800.0,6.446849346160889
2002-02-26,9.699999809265137,9.850000381469727,9.545000076293945,9.75,690400.0,6.564677715301514
2002-02-25,9.649999618530273,9.824999809265137,9.539999961853027,9.75,863400.0,6.564677715301514
2002-02-22,9.925000190734863,9.925000190734863,9.600000381469727,9.675000190734863,881400.0,6.514178276062012
2002-02-21,9.84000015258789,9.925000190734863,9.75,9.850000381469727,1744200.0,6.63200569152832
2002-02-20,9.600000381469727,9.875,9.524999618530273,9.875,1723200.0,6.648838043212891
2002-02-19,9.899999618530273,9.899999618530273,9.375,9.550000190734863,1852600.0,6.43001651763916
2002-02-15,10.0,10.024999618530273,9.850000381469727,9.949999809265137,2097400.0,6.69933557510376
2002-02-14,10.175000190734863,10.194999694824219,9.925000190734863,10.0,2755400.0,6.73300313949585
2002-02-13,9.625,10.0600004196167,9.524999618530273,10.050000190734863,19054000.0,6.766665935516357
